sequence,label,calibrated_ensemble_mean_probability,calibrated_ensemble_std_probability,calibrated_predictive_entropy,calibrated_expected_member_entropy,calibrated_mutual_information,raw_member_probability_1,calibrated_member_probability_1,raw_member_probability_2,calibrated_member_probability_2,raw_member_probability_3,calibrated_member_probability_3,raw_member_probability_4,calibrated_member_probability_4,raw_member_probability_5,calibrated_member_probability_5
AEAEAEAEAKAKAKAK,1,0.9728154218328282,0.009959716116869827,0.12481495380351847,0.12292322999394092,0.0018917238095775418,0.9989525079727173,0.9859272316722447,0.9961018562316895,0.9793728147674289,0.9926095604896545,0.9658903636748611,0.9859983921051025,0.9577284850740275,0.9924806356430054,0.975158213975579
GGGGDD,1,0.5506812969190019,0.12454774250382088,0.6880011595926253,0.6563202307706224,0.03168092882200291,0.3916615843772888,0.5886118996333568,0.2427033931016922,0.46221728326007006,0.55300372838974,0.6886516363294959,0.4749933183193207,0.6576905104566583,0.12002047151327133,0.35623515491542856
GFFLGLDD,1,0.8792339379091685,0.018993345710790935,0.3684485429292874,0.36674266059657584,0.0017058823327115724,0.8931602835655212,0.8487297844757181,0.9222314357757568,0.8825462464489232,0.9512513279914856,0.9083935194304984,0.900066077709198,0.8760090928354165,0.8987985253334045,0.8804910463552863
QEIARLEQEIARLEYEIARLE,1,0.9855533585224417,0.0060996989626595135,0.075556439934533,0.0741867738895351,0.0013696660449978998,0.9973491430282593,0.9771037428795691,0.9968557357788086,0.9818328211327151,0.9995715022087097,0.992580802737882,0.99750155210495,0.9837552429972339,0.9989330172538757,0.9924941828648091
CEIEIQI,1,0.9170417981830552,0.020825453371727753,0.2859355346067024,0.28321723894668827,0.002718295660014136,0.981214165687561,0.9370991955579849,0.9547225832939148,0.9139111876041967,0.9173005223274231,0.8794162171072794,0.9545367956161499,0.9194384211204301,0.9634701609611511,0.9353439695253851
CEIEIQINM,1,0.9624378702150873,0.010640006656238937,0.16011752502099144,0.158619856159677,0.001497668861314444,0.9965299963951111,0.9736520609223251,0.990273654460907,0.964694433255827,0.9808892607688904,0.9437591960890839,0.9867603778839111,0.9590108904354234,0.9903427362442017,0.9710727703727763
EFFAAE,1,0.8785828738033403,0.017529909089208248,0.36973903964344723,0.3682836314398851,0.0014554082035621585,0.934246838092804,0.8815681880907394,0.8988227248191833,0.8633420688040226,0.9475314617156982,0.9048267930181402,0.8685280084609985,0.855640102199984,0.9084482192993164,0.8875372169038162
GGGGGGGGGGDD,1,0.9681717603938317,0.019277626870850297,0.14104097617388436,0.13419098891549597,0.006849987258388396,0.9998244643211365,0.9945239385882604,0.9973107576370239,0.9834379407229565,0.9940693378448486,0.9696448984049881,0.9784985184669495,0.9464990101067559,0.97353595495224,0.9467530141461984
FKFEFKFE,1,0.9105575425637836,0.023818648390577343,0.3012459718412722,0.29738394683514713,0.0038620250061250916,0.9895688891410828,0.9534388145263607,0.9327297806739807,0.8919329662265745,0.9619946479797363,0.9195093957779139,0.9207339286804199,0.8908370049233877,0.920922040939331,0.8970695313646807
CEIEIQINMWQ,1,0.977592633512659,0.010956229623940996,0.10726579317610137,0.1045788144761682,0.0026869786999331735,0.9995759129524231,0.9912646537980734,0.9974967837333679,0.9841263483101035,0.9893010258674622,0.9585294401104338,0.9946677684783936,0.9752153689449374,0.9942144751548767,0.9788273563997469
QQEFQWQFRQQ,1,0.9568252327601948,0.0167257660001332,0.17790569116077853,0.1739842171916282,0.003921473969150324,0.998909592628479,0.9856268709663271,0.9815442562103271,0.9487216944334825,0.985458493232727,0.951264548342781,0.9888083338737488,0.9626367839964515,0.9639685153961182,0.9358762660619321
NFGAIL,1,0.8731540020180487,0.027385241367424644,0.3803467946064536,0.37720067075142516,0.0031461238550284376,0.9386202692985535,0.885597367611115,0.9285314083099365,0.8881099980581078,0.8216100931167603,0.8188871964753006,0.9226706624031067,0.8923070816288718,0.8993241786956787,0.8808683663168486
WRWRWRWR,1,0.9285208214214016,0.028721603666065784,0.2574484260183532,0.25142449432025293,0.006023931698100282,0.9940345883369446,0.965093300606715,0.916311502456665,0.8774873954450847,0.9732619524002075,0.9329745665978997,0.9611039161682129,0.9260148317957962,0.9686533808708191,0.9410340126615127
CKAKAQANM,1,0.8760592225330779,0.03705950302954966,0.3747038679823941,0.3685758027153526,0.00612806526704146,0.9623590707778931,0.9105583938830645,0.8279748558998108,0.813867148656392,0.9554504156112671,0.9125812478124209,0.87054044008255,0.8568772661212136,0.9069312214851379,0.8864120561922979
YYACAYY,1,0.9137237109328428,0.010288734908049489,0.2938367886838734,0.2931485425965117,0.0006882460873617324,0.960997998714447,0.9089420891532914,0.9414692521095276,0.9002315555783983,0.9591946601867676,0.916479494739099,0.966123640537262,0.9313920406782759,0.9385331869125366,0.9115733745151497
CKAKAQANMWQ,1,0.9608423608190908,0.013406177982891194,0.16525777767306865,0.16290584057694873,0.002351937096119916,0.9961712956428528,0.9722679375393258,0.979945182800293,0.9461895694060646,0.9958314299583435,0.9748322754500225,0.976031482219696,0.9432187811797119,0.9884218573570251,0.9677032405203292
CKFKFQFNMWQ,1,0.9577119280199314,0.01633040871621109,0.17514880713521522,0.17119887797899325,0.003949929156221971,0.9991015195846558,0.9870190452987678,0.9783734083175659,0.9437845210235541,0.9796239733695984,0.9418409498910001,0.9837889671325684,0.954181132641777,0.9846840500831604,0.9617339912445578
VQIVYK,1,0.822708884433208,0.0440514751785954,0.4672609206811128,0.46044330527301847,0.006817615408094335,0.8132467865943909,0.7985196461735395,0.91086345911026,0.8729612865165035,0.913618266582489,0.8766443556630049,0.7009335160255432,0.7671642572868368,0.7651461362838745,0.7982548765261557
FFKLVFF,1,0.8813427840636157,0.030261126826402706,0.3642410228814479,0.3593683265398827,0.004872696341565175,0.9310097098350525,0.8786706038617682,0.8816432356834412,0.850378823322667,0.9152244925498962,0.8778466649206498,0.9719040393829346,0.938060888849751,0.8715060949325562,0.8617569393632422
LDFPI,1,0.7663919644834095,0.056331514537962576,0.5435993518181323,0.5350927823419023,0.008506569476230075,0.825218141078949,0.8053644320968595,0.8418992757797241,0.8228872802644452,0.4963686168193817,0.66153960524827,0.7247788906097412,0.7787514339130612,0.701018750667572,0.7634170708944117
FFVLK,1,0.8754503135155458,0.032326155070207,0.37589296365573366,0.3709568418109093,0.004936121844824337,0.9146752953529358,0.8649713156451915,0.8760325908660889,0.8463079401099615,0.9538060426712036,0.9109195318163901,0.9511865973472595,0.916250597871045,0.8352054357528687,0.838802182135141
AAVVLLLWEE,1,0.9379420179428003,0.03393247490681013,0.23259298100461534,0.2239980744469876,0.008594906557627735,0.9922378659248352,0.9600078648196935,0.9838181138038635,0.9524920786610461,0.9073194265365601,0.8720249183367031,0.9898049831390381,0.964511390187804,0.9683347940444946,0.9406738377087538
CSISIQI,1,0.9113733061780689,0.028393990043371266,0.29934892691601556,0.2948164231950446,0.004532503720970971,0.9794374108314514,0.9341402109489417,0.9572507739067078,0.9167083995577732,0.8839367032051086,0.8559936781693914,0.955372154712677,0.920249745912852,0.9580926299095154,0.9297744963013855
AAAAAAK,1,0.7454787835636234,0.05517441468746199,0.5672479149428133,0.5593520273286272,0.007895887614186137,0.7155758142471313,0.7473748334687085,0.5357131958007812,0.6497079070495972,0.6547666192054749,0.7361823481481636,0.7257359623908997,0.7792200033817677,0.7946842908859253,0.8149088257698798
GFFLG,1,0.8575397439282468,0.01976039201076613,0.4094045489323114,0.40776043885290597,0.001644110079405403,0.8999243378639221,0.8536540914937996,0.8790431022644043,0.8484831994469327,0.8933929800987244,0.8622876401725901,0.9217807650566101,0.8916296464619332,0.8233287930488586,0.8316441420659785
CSISIQINM,1,0.9555178703179813,0.015047603656486138,0.18193588589306436,0.17945331150823812,0.0024825743848262416,0.9955469369888306,0.9700027360738197,0.9866012930870056,0.9574341983693014,0.9691134095191956,0.9277430815692224,0.9841724634170532,0.9547801052020147,0.98837810754776,0.9676292303755477
FFALGLAGKK,1,0.9477172893207915,0.022769968165625466,0.2051824686169036,0.1992374681442612,0.005945000472642403,0.9987779259681702,0.9847391828565244,0.9823225140571594,0.9499883150168007,0.9595974683761597,0.9169090195562772,0.9838218092918396,0.9542321707407505,0.9609713554382324,0.9327177584336037
FAGFT,1,0.8445243341473919,0.019624722869741967,0.4320907599127338,0.43066914736011813,0.001421612552615692,0.8293771147727966,0.8077849563934862,0.8994141221046448,0.863803305399573,0.8716487288475037,0.8481354445803879,0.8499657511711121,0.8445480217802863,0.8663051128387451,0.8583499425832265
RARADADARARADADA,1,0.9657469259122362,0.006079910066886346,0.14922877380514563,0.14868838863226957,0.0005403851728760511,0.9958145022392273,0.9709530039839188,0.9934685230255127,0.9720449594116498,0.9928579330444336,0.9665021154325215,0.9843223690986633,0.9550160519193079,0.9862907528877258,0.964218498813783
WRWRWR,1,0.8852289349469672,0.03356066108518735,0.35637558339137454,0.3513358050444947,0.005039778346879853,0.957748293876648,0.9051947060628042,0.8356541395187378,0.8188092143851977,0.950188398361206,0.9073613781327057,0.923785924911499,0.8931608766679175,0.9266284704208374,0.9016184994862103
YVVFV,1,0.8603349942040648,0.025321649045344827,0.40435490710029465,0.40153151288389,0.002823394216404651,0.915766716003418,0.8658445584251472,0.8555644750595093,0.8320156201361109,0.8752984404563904,0.850434822847795,0.939915120601654,0.9061908532532988,0.848800003528595,0.8471891163579716
FFGAAGLDGD,1,0.9553632217660158,0.014336786539806962,0.18240993763050997,0.17989240051702252,0.002517537113487456,0.9974601864814758,0.9776097781512849,0.9847683310508728,0.9541349299112194,0.9903005361557007,0.96061975259161,0.9817684888839722,0.9511276699003526,0.9615540504455566,0.9333239782756124
ITSVV,1,0.7989832879382963,0.042980884684465544,0.5018086595071488,0.4961977917773023,0.005610867729846536,0.8868173956871033,0.8442420490105299,0.8436993956565857,0.8240731699084884,0.635601818561554,0.7272418518421742,0.7132248282432556,0.7731172954456517,0.8142104148864746,0.8262420734846371
WRWRWRWRWR,1,0.9518129375063603,0.020134105028009382,0.19314215869000714,0.18839912747118304,0.004743031218824106,0.9984221458435059,0.9825483049189985,0.9610443115234375,0.9210437426626362,0.9809365272521973,0.9438320386337195,0.9819297194480896,0.9513654101210446,0.9837074875831604,0.9602751911954032
GFFL,1,0.8411943571309182,0.025386079902028666,0.4376840452633267,0.4351169772722616,0.0025670679910650973,0.8706085681915283,0.8332683586671619,0.8482657670974731,0.8271033564788819,0.85634446144104,0.8387750639336157,0.9194319248199463,0.8898574504156874,0.7982688546180725,0.8169675561592443
GAVILRR,1,0.9054244255925028,0.011500982254492713,0.31299812129467497,0.3122276865934695,0.0007704347012054691,0.9563242793083191,0.9035986147401864,0.9584082365036011,0.9180128489225761,0.9285292625427246,0.8882418230872823,0.9312852621078491,0.899050292788419,0.946015477180481,0.9182185484240495
NVVVVY,1,0.8840040637566778,0.027598822005360468,0.35887052041278805,0.35517990652859793,0.0036906138841901193,0.9556601643562317,0.9028632320148875,0.9345397353172302,0.8936121037546868,0.8640158176422119,0.843412957386768,0.9537662863731384,0.9186960656544992,0.8710190653800964,0.8614359599725477
SFSFSF,1,0.8496182927517371,0.04602200340649672,0.4233706266260745,0.4150358512331961,0.008334775392878413,0.9506926536560059,0.8975299854339204,0.8585129380226135,0.834025529701359,0.7449694275856018,0.7792239872207631,0.9362291693687439,0.9030887707160818,0.8276357650756836,0.8342231906865614
FFGALGLKGK,1,0.9510650647002127,0.019245563050411366,0.19536720347537764,0.19073145187388815,0.004635751601489491,0.9987452030181885,0.9845258166784929,0.982775866985321,0.9507372631001038,0.96802818775177,0.9264322083372531,0.9833464622497559,0.9534980445915452,0.9678530693054199,0.9401319907936687
NVVQIY,1,0.8593230264966916,0.023905858858143055,0.40619048762342347,0.4038979576679946,0.0022925299554288903,0.9197360277175903,0.8690674111309599,0.8971520662307739,0.8620449211847687,0.8157166242599487,0.8156622453121148,0.9174495339393616,0.8883790368295847,0.8710578680038452,0.8614615180260303
YFTEF,1,0.8515564247684937,0.018544791012906302,0.41999978471885746,0.4186218891674468,0.0013778955514106572,0.9278289079666138,0.8758879488197818,0.8718394637107849,0.843311631752564,0.8522549867630005,0.8363435375561792,0.8933314085006714,0.8714632114075261,0.821871817111969,0.8307757943064179
FKFEFKFEFKFE,1,0.9565477553263882,0.01697301104272121,0.17876448741163853,0.1744190548723102,0.004345432539328342,0.9992725253105164,0.9883855575697413,0.9820206761360168,0.9494942664271904,0.9783704876899719,0.9399971740448232,0.9863481521606445,0.958313033859228,0.9733673334121704,0.9465487447309584
DFY,1,0.8310085932717654,0.023426614114617245,0.4542833496013324,0.45228723164563744,0.0019961179556949316,0.860704243183136,0.8268637031737632,0.8231114149093628,0.8107758149347256,0.9026314616203308,0.8686784541987571,0.8498640060424805,0.8444886764736537,0.7758592367172241,0.804236317577927
AAAAAAAAAAAARR,1,0.9803908684888369,0.008935581604640155,0.09651400084114231,0.09430513795407218,0.0022088628870701316,0.9997212290763855,0.9930032848553665,0.9981777667999268,0.9868507291316384,0.9967286586761475,0.9778827120308156,0.9909969568252563,0.9668674174959332,0.9935382008552551,0.9773501989304311
VEVE,1,0.3616296605114699,0.03631832597746231,0.6543500833698693,0.6514943616904605,0.0028557216794088403,0.13936328887939453,0.4067490125409902,0.10597534477710724,0.3211203498812114,0.12039532512426376,0.4004302620604123,0.09076101332902908,0.355264078157957,0.09799052029848099,0.32458459991677835
YVVFL,1,0.8549998730685588,0.02689287401911049,0.4139373556132115,0.41083077374807503,0.0031065818651364596,0.9047318696975708,0.8572496691152197,0.846126914024353,0.8256800587398209,0.8709322810173035,0.8476873053554589,0.9380938410758972,0.9046477949275907,0.8367342948913574,0.839734537204704
VVVVVVK,1,0.9080920209643729,0.01988583782684805,0.30693010549382493,0.3045657576640894,0.002364347829735547,0.95475834608078,0.9018734719209357,0.9591127038002014,0.9188144751286474,0.9125936031341553,0.8758826978981094,0.9702802300453186,0.9361284489612981,0.9340707063674927,0.9077610109128742
SSTSAA,1,0.3837445986180589,0.10708934034601046,0.6658675675395731,0.641524883894759,0.024342683644814067,0.03781190887093544,0.2437696169593758,0.12976865470409393,0.35187366492987887,0.07393155992031097,0.3324950697182262,0.3091455101966858,0.5631877526199333,0.18101592361927032,0.42739688886287996
AEAEAKAKAEAEAKAK,1,0.9702702659710276,0.0097142865094756,0.13380143827682028,0.13218611048948212,0.0016153277873381666,0.9982032775878906,0.981318482611033,0.9955556988716125,0.9777136345471067,0.9904171228408813,0.9608702410009134,0.9853426218032837,0.9566503114512939,0.9923011064529419,0.9747986602447916
RITTR,0,0.2765422844818734,0.04943935692882094,0.5896579104431879,0.5835059392168086,0.006151971226379338,0.053035918623209,0.28023623746668075,0.04560006409883499,0.21513955304125304,0.07696840912103653,0.3377720754501686,0.03164144232869148,0.22639777630311558,0.09707055985927582,0.3231657801481491
FFPLGLAGDD,1,0.953386337402827,0.013496769945023744,0.18842099823509273,0.18626481664914932,0.002156181585943412,0.9968734383583069,0.9750446717310474,0.9825467467308044,0.9503577018436785,0.9891213774681091,0.9581639339088664,0.9809408783912659,0.9499222817181144,0.9616681337356567,0.9334430978124278
NVQVVY,1,0.837873767569371,0.04273013426728262,0.4431788989182931,0.4364870607138676,0.006691838204425482,0.9136655926704407,0.864168231260837,0.848396360874176,0.8271904914440437,0.7210248708724976,0.7675567627052003,0.9273290038108826,0.8959101104029561,0.8281680941581726,0.8345432420338182
INHVGGTGGAIMAPVAVTRQLVGS,1,0.9926534603589554,0.003909915763157485,0.043416900099569514,0.042241889610435984,0.0011750104891335295,0.9999651908874512,0.9976810019140817,0.9998321533203125,0.9968306833641319,0.999014139175415,0.9883726999877104,0.9987371563911438,0.9889139563527864,0.9986863732337952,0.9914689601760667
FGAIL,1,0.8630290544204835,0.018195397074862868,0.3994265374320278,0.39805807533816373,0.0013684620938640424,0.9114365577697754,0.8624111497330268,0.9228982329368591,0.883125950611478,0.8425469994544983,0.8306755068412028,0.901886522769928,0.8772594766507444,0.8713790774345398,0.8616731882659655
GNNQQNY,1,0.5167815018730161,0.11014949404314406,0.6925838371565054,0.6679889746516141,0.02459486250489129,0.5445293188095093,0.6655452806044864,0.2003600299358368,0.4257513092190317,0.44569283723831177,0.636321993507383,0.1565767526626587,0.4391993012844639,0.17113004624843597,0.4170896247497155
FFSGHFDFF,1,0.8950397164847252,0.024267396431853425,0.335847098965786,0.3328717686087893,0.0029753303569967082,0.9586462378501892,0.9062151522079963,0.8812282085418701,0.8500751736027361,0.9324572086334229,0.8914801622594639,0.9554605484008789,0.9203359988468152,0.9332752227783203,0.9070920955066155
PFTTR,0,0.23844072226316446,0.03254259985633601,0.5492759057999,0.5463721834212978,0.002903722378602258,0.04710095375776291,0.2670048390346168,0.039380330592393875,0.20001989787005547,0.024574384093284607,0.2101062128788311,0.03289823234081268,0.23041708886286746,0.0741817057132721,0.2846555726694514
VVVVVVD,1,0.9090143320798546,0.022079677063742333,0.304812386964886,0.3019676329796589,0.0028447539852270998,0.9671546220779419,0.9165031572732332,0.9548086524009705,0.9140052876428079,0.9034128785133362,0.8692311495746573,0.9708729982376099,0.9368281138786356,0.9349498748779297,0.9085039520299393
RITWI,0,0.7700445466712631,0.07378839816369852,0.5392225096522216,0.5237788807312233,0.015443628920998376,0.5236262083053589,0.6555050540302516,0.6782535314559937,0.7270326810760043,0.7413686513900757,0.7774535633631344,0.8860170245170593,0.866657162042417,0.809660792350769,0.8235742728445086
WVNAKQYWRILKRRW,1,0.9879509690011192,0.005292101627491356,0.06521805731648245,0.06394550804939224,0.0012725492670902089,0.9998549222946167,0.995050299293538,0.9993866682052612,0.9931232557793502,0.997681736946106,0.9816007442625572,0.9974045157432556,0.9834056815224863,0.9972522854804993,0.9865748641476645
RFRFRFRF,1,0.9237358446733825,0.020164722682810016,0.26954894901375825,0.2668683239026468,0.0026806251111114454,0.9835438132286072,0.9412026558434814,0.925284206867218,0.8852176755313694,0.967531144618988,0.9258390681967404,0.9724363088607788,0.9387054514134431,0.9560291767120361,0.9277143723818786
IKVAV,1,0.8434325386563307,0.04352686322066003,0.43393385775526294,0.42664419539739196,0.007289662357870985,0.9573344588279724,0.9047281015203634,0.8938084840774536,0.8594739330891493,0.7608150243759155,0.7870928781828604,0.7690481543540955,0.8008101749569286,0.876477837562561,0.8650576055323514
IIIK,1,0.8638957813481166,0.024441661917795458,0.39782798779679773,0.3952752029111704,0.002552784885627324,0.9165866374969482,0.8665041692886901,0.8910031914710999,0.857341638525343,0.9433207511901855,0.9009328683318946,0.8909900188446045,0.8699105870162086,0.8117371797561646,0.8247896435784471
LLLLLLDD,1,0.9079954477071333,0.01875234287192678,0.30715125627292844,0.30513345579910106,0.0020178004738273803,0.9262005686759949,0.8744867232344979,0.9603263139724731,0.9202096291063532,0.9680197834968567,0.926422141998666,0.9529047012329102,0.9178725833374075,0.9258450269699097,0.9009861608587415
IIIIIIKK,1,0.918608379054071,0.010635091461937692,0.28215510579780534,0.28138886885235975,0.0007662369454455864,0.976043164730072,0.9288276662982388,0.9532210230827332,0.912281761610985,0.9563812017440796,0.9135350104003986,0.9677800536155701,0.9332456113655943,0.9309470057487488,0.9051518455951387
KAKAQA,1,0.4410467695913892,0.11923144347798609,0.6861800182649979,0.6568709050597137,0.029309113205284176,0.05094413831830025,0.27569584654324275,0.16341502964496613,0.3896672431265531,0.14386476576328278,0.42749239288600654,0.44296008348464966,0.6410438536253752,0.22743788361549377,0.47133451177576857
KAKAQANMWQ,1,0.9010328897104726,0.0321027548715785,0.32280753749284463,0.31646769117928497,0.0063398463135596606,0.9372501373291016,0.8843202058709442,0.902137815952301,0.8659418053544286,0.9868936538696289,0.9538539220873273,0.9056686162948608,0.8798886394469213,0.9492040872573853,0.9211598757927411
KFG,1,0.6630698763603485,0.10346518676559972,0.6389782172549225,0.6146132530825443,0.024364964172378212,0.3825954794883728,0.5836713622257622,0.7133702039718628,0.7463660459384583,0.7902299761772156,0.8021050598211678,0.489124596118927,0.6648740785461361,0.28509706258773804,0.5183328352702186
KFKFQF,1,0.854204990105021,0.03237509835097048,0.4153452250825542,0.4110653264889524,0.0042798985936018386,0.8654073476791382,0.8298791869776284,0.8252072334289551,0.8121044444977676,0.9379978775978088,0.8962030465112427,0.9150331020355225,0.8865974272401296,0.8472811579704285,0.846240845298337
KFKFQFN,1,0.8994295434731784,0.01560090872367488,0.3263345896469563,0.32500052293345283,0.0013340667135034456,0.9600040912628174,0.907779755123939,0.9146517515182495,0.8760959712821524,0.9617493748664856,0.9192397408162482,0.9408403635025024,0.9069827454539328,0.907791793346405,0.8870495046896197
KIKIQINMWQ,1,0.9672436089574822,0.0030935693386100866,0.1441968165082125,0.1440476546897741,0.00014916181843840914,0.9929676055908203,0.961994280686144,0.9923009872436523,0.9692117537437736,0.993202805519104,0.9673688062926976,0.9907814860343933,0.9664314120397238,0.9904189705848694,0.9712117920250718
KYF,1,0.7956034911303955,0.04648417732798998,0.5064372030169999,0.49911355398721174,0.00732364902978816,0.7524003386497498,0.7659003944709151,0.7350269556045532,0.7584964955966094,0.9259427785873413,0.8861548117891618,0.746283233165741,0.7893598655692613,0.728356122970581,0.7781058882260299
FFGPLGLKGK,1,0.9361138976244436,0.030942576693641363,0.23752901047878347,0.2292025189397085,0.00832649153907497,0.9979913234710693,0.9801949660756795,0.980743944644928,0.9474430335372037,0.9234189987182617,0.8841509179024954,0.9706675410270691,0.9365848701647418,0.960466742515564,0.9321957004420973
FFGPAGLKGK,1,0.9332271427106138,0.03416712868825798,0.24521017936618228,0.23492346887962112,0.010286710486561157,0.9985020160675049,0.9830174654528058,0.984957218170166,0.9544667097429246,0.9210616946220398,0.8823067400580907,0.9654454588890076,0.930645177249455,0.9432241916656494,0.9156996210497927
VKVRVRVRVPPTRVRVRVKV,1,0.9764161500881023,0.007317761139913181,0.11167677885580538,0.11046532972197709,0.0012114491338282851,0.9988855719566345,0.9854612307751126,0.9924496412277222,0.9695618325694204,0.9983295798301697,0.9845640739550489,0.9916195869445801,0.968154873592986,0.9920690059661865,0.9743387395479435
VKVKVRVRVPPTRVRVKVKV,1,0.9688194778651591,0.01263182883861385,0.13882213257132275,0.13613258360863462,0.0026895489626881375,0.998336911201477,0.9820601243938426,0.9910050630569458,0.9662732241563011,0.998079776763916,0.98336641224651,0.980749785900116,0.9496474109317338,0.9853498935699463,0.9627502175974081
VKVKVKVRVPPTRVKVKVKV,1,0.956304190163444,0.021889854863832308,0.17951679770686682,0.17383654190761444,0.005680255799252382,0.9964471459388733,0.9733263593438289,0.9905095100402832,0.96519783294189,0.9975437521934509,0.9810226646924608,0.9579518437385559,0.9227998881567501,0.9669944047927856,0.9391742056822906
KKKGGGAAAVVVIII,1,0.9451155886299658,0.03481395664098121,0.2126533517707966,0.20267826534309466,0.009975086427701951,0.9293460249900818,0.87720748298087,0.9924023151397705,0.9694500652932482,0.9945078492164612,0.9708576883497617,0.9809000492095947,0.9498634460117461,0.9822761416435242,0.9581992605142027
VVVGGGIIIAAAKKK,1,0.9887747646674695,0.006473153373134342,0.06155870948611261,0.059504073549932056,0.002054635936180556,0.999940037727356,0.9969036493811857,0.9996292591094971,0.9949087116966068,0.9974150657653809,0.9804972320222803,0.9987332224845886,0.9888945940968019,0.9958311915397644,0.9826696361404731
IIIVVVAAAGGGKKK,1,0.986067776825602,0.008271334046921906,0.07337478085775487,0.07057444753259287,0.0028003333251619966,0.9999505281448364,0.9972044701504073,0.9993627667427063,0.9929645989551734,0.9964337348937988,0.9768404619869867,0.998202919960022,0.986489861338414,0.9932975172996521,0.9768394916970283
AIVAGD,1,0.8825637160422992,0.024644013019622175,0.3617856521253372,0.35891314783463885,0.0028725042906983522,0.9214066863059998,0.8704469334483201,0.9348615407943726,0.8939127010326997,0.9561857581138611,0.9133339316264811,0.9244592785835266,0.8936789989524809,0.8395295143127441,0.8414460151515145
LIVAGS,1,0.9057112330214597,0.014973674553655954,0.3123497412592163,0.3110603892899999,0.001289351969216368,0.9329996109008789,0.8804436254306138,0.9431567788124084,0.9018933824592495,0.9649438261985779,0.9228205819719698,0.9539743065834045,0.9188959276230281,0.9301611185073853,0.9045026476224368
ILVAGS,1,0.9056414064091307,0.01462237358576452,0.3125076855459243,0.3112714221884133,0.0012362633575109805,0.9343626499176025,0.8816731424930917,0.9426782131195068,0.901419986277633,0.965472936630249,0.9234287980374768,0.9531770348548889,0.9181321286902638,0.9290053248405457,0.9035529765471876
LIVAGT,1,0.9028748860848943,0.015226823947186365,0.31871988960322895,0.31743049901611664,0.0012893905871123046,0.9284015893936157,0.8763844321517182,0.9450938701629639,0.9038272336070328,0.9609833359718323,0.9184029181858125,0.9519564509391785,0.9169741287420907,0.9230940341949463,0.8987857177378169
AIVAGT,1,0.893163231106022,0.007998164993370763,0.3398503006209018,0.3395151500928974,0.00033515052800442424,0.9360942244529724,0.8832534451543842,0.9451962113380432,0.9039302100835653,0.9407537579536438,0.8986266359574321,0.912449300289154,0.8847162625606082,0.9186452031135559,0.8952896017741202
LIVAD,1,0.8839859870940401,0.02233512094586198,0.3589072308311932,0.35645939693192996,0.00244783389926323,0.9090982675552368,0.8605905620731437,0.9306575059890747,0.8900337742495884,0.9403523802757263,0.8982703692887609,0.9495033025741577,0.9146863580854062,0.8632184267044067,0.8563488717733009
IID,1,0.8240603304982997,0.03821251378941691,0.4651804352821718,0.4604426396351826,0.0047377956469891735,0.8606940507888794,0.8268572166482209,0.8705801367759705,0.8424190719586663,0.8736834526062012,0.8494139134046349,0.8624574542045593,0.8519513877772923,0.6751655340194702,0.7496600627026847
MEMEMKMKMEMEMKMK,1,0.9890391123096756,0.003959970039970417,0.06037170819346513,0.05960954001516232,0.0007621681783028106,0.9996249675750732,0.9918143036935277,0.9996179342269897,0.9948163376684512,0.9990285634994507,0.9884645658793481,0.9982428550720215,0.9866588229448177,0.9961303472518921,0.9834415313622331
TTSGHTDTT,0,0.44144045856917574,0.06160061140565066,0.6862729747094207,0.678579988938778,0.007692985770642702,0.1086203083395958,0.3707593252063743,0.174287810921669,0.40078897836662314,0.20310068130493164,0.48362544608077257,0.13248521089553833,0.4121607638386392,0.3143487274646759,0.5398677793534694
TGTHTSTDT,0,0.35529348655857296,0.08794137038557423,0.6506620716920127,0.6340541907542292,0.016607880937783537,0.04088075831532478,0.25183896560310864,0.11223459988832474,0.32960924574387146,0.07919416576623917,0.34154455484355223,0.07839891314506531,0.3347905405456573,0.28555992245674133,0.518684126056675
AGAHASADA,0,0.7749690333459602,0.07320742851479536,0.5332021363881618,0.5175164099507528,0.015685726437409064,0.5615435242652893,0.673661978625441,0.658218502998352,0.7161297446577645,0.7465777397155762,0.7800167661174756,0.8242226839065552,0.8299552315831118,0.8911545276641846,0.8750814457460082
NYNYNYN,1,0.6823366404656083,0.20740318780496064,0.625095601926826,0.5242324661787668,0.10086313574805916,0.8468369841575623,0.8182181811345368,0.2135922908782959,0.4376296049986531,0.8688370585441589,0.8463826570211057,0.9161622524261475,0.8874271925392577,0.1758178323507309,0.42202556663448854
SYSYSYS,1,0.5275192740470956,0.12516758388030616,0.6916317940515606,0.6596939666208226,0.03193782743073803,0.6008498072624207,0.6923040647529513,0.12510566413402557,0.3461523877195072,0.2956364154815674,0.5512769356329821,0.4004475772380829,0.617996560858614,0.1834399253129959,0.4298664212714234
GYGYGYG,1,0.9089277335600301,0.01751714550205396,0.3050116618920099,0.30309960805488545,0.00191205383712445,0.9785459637641907,0.93270441428423,0.9381894469261169,0.8970591570807938,0.9341543316841125,0.892906675062519,0.9627688527107239,0.9277610662777752,0.9172489047050476,0.8942073550948322
SYSSYS,1,0.40085593122952357,0.07012295143155181,0.6733571913316896,0.6631677414873356,0.010189449844353993,0.26275932788848877,0.5107620746292728,0.13742361962795258,0.3609844587798392,0.17223958671092987,0.4561530894014267,0.08130958676338196,0.339808274625285,0.10599059611558914,0.33657175871179423
LFF,1,0.8575637525624149,0.03140522300912425,0.4093614509673806,0.4052404470469015,0.004121003920479094,0.9105958342552185,0.8617539475118865,0.8400704264640808,0.8216873163421863,0.913504421710968,0.8765595289587406,0.9371039867401123,0.9038176324423944,0.8103893995285034,0.8240003375568669
AAKAAAKAAAKAAAKA,1,0.9726838493200416,0.0074890061919906485,0.12528533353811,0.12430916059983839,0.0009761729382716106,0.996155321598053,0.9722078110587059,0.9952512979507446,0.9768260438945073,0.9962574243545532,0.9762369219857052,0.9864489436149597,0.9584827589772105,0.9945849776268005,0.9796657106840795
CKAKAQA,1,0.6800302721143231,0.07362969292121276,0.6268466372005155,0.6145140128923272,0.012332624308188267,0.4308122992515564,0.6093222083891373,0.40311792492866516,0.5735049537793373,0.6318619251251221,0.7254999203923065,0.6614975929260254,0.7482632017002715,0.6636571288108826,0.7435610763105627
CKFKFQF,1,0.9051488200957891,0.0258858079089902,0.3136202722346628,0.3093556062129724,0.0042646660216904,0.9886003136634827,0.9512680469530387,0.908557116985321,0.8710796470122585,0.9412239789962769,0.8990454734267037,0.9374940991401672,0.9041441096983502,0.9248750805854797,0.9002068233885945
CKFKFQFNM,1,0.9424178140529392,0.017776896466137983,0.2202623318591052,0.21687276739167038,0.0033895644674348246,0.9970269799232483,0.9756914115781119,0.964364230632782,0.9249904968323819,0.9728202819824219,0.9323995760466722,0.9688008427619934,0.9344097556640134,0.9717351794242859,0.9445978301435165
CKIKIQI,1,0.8864271623491197,0.01623069377022226,0.3539206290742956,0.35255544195199373,0.0013651871223018808,0.9264347553253174,0.8746873076367184,0.9239387512207031,0.8840347666219709,0.9293627142906189,0.8889218284451225,0.8892982602119446,0.8687971879038306,0.9432187080383301,0.9156947211379561
CKIKQIINMWQ,1,0.9741567808354252,0.004498621672953187,0.11998160666253742,0.11957491521447058,0.0004066914480668343,0.9950856566429138,0.9684282546232788,0.9963646531105042,0.9802057192738276,0.9954914450645447,0.9737597500905896,0.9925750494003296,0.9702188011605484,0.9939178228378296,0.9781713790288814
KASAKAEAKAEAKASA,1,0.9642316737824261,0.006616963127252523,0.15425416997506874,0.15361456484983188,0.000639605125236864,0.9957460761070251,0.9707072087702548,0.993724524974823,0.9726941126168033,0.9907291531562805,0.9615479969354849,0.9841257333755493,0.954706764110195,0.9845305681228638,0.9615022864793932
KIKQIINM,1,0.7954859000331749,0.07352344079091937,0.5065969714130205,0.489723709743574,0.016873261669446527,0.6226694583892822,0.7026371107042518,0.6679626107215881,0.7214237749943543,0.9067552089691162,0.8716181844530534,0.7715937495231628,0.8021074376335497,0.8976134657859802,0.8796429923806653
KIKQII,0,0.4112328817535452,0.040451227924175874,0.6773041321756617,0.6739116968255721,0.0033924353500895954,0.09456538408994675,0.35179631060270444,0.21279338002204895,0.4369259149414572,0.13794954121112823,0.42099924907496755,0.1080467700958252,0.38076067944817726,0.2210681140422821,0.4656822547004195
KIKQIINMWQ,1,0.9460699378222713,0.015527205934474687,0.20992837218436694,0.20769082518594448,0.0022375469984224627,0.9678544998168945,0.9174066685379991,0.9803977012634277,0.9468969784996597,0.9853197336196899,0.9510209300079232,0.9813771843910217,0.9505546730336221,0.986449658870697,0.964470439032153
MKIKIQI,1,0.8263993590311633,0.03937762727943578,0.461549801359596,0.4560279546824333,0.005521846677162712,0.7788840532302856,0.7797203301832887,0.842991054058075,0.8236059542770675,0.8861976861953735,0.8574776481388535,0.7446064949035645,0.7885261621225486,0.9018157720565796,0.882666700434059
PPPPPPPPPPRKKRRQRRR,1,0.920806467676041,0.02251106599533353,0.2767952657944295,0.273384950056927,0.0034103157375025006,0.9803388714790344,0.9356245726387246,0.980226993560791,0.9466292944380439,0.944783627986908,0.9022694774727877,0.9152261018753052,0.8867389182415346,0.9610217809677124,0.9327700755891141
KIKIQI,0,0.4762073740100674,0.023576310398253586,0.6920145747937274,0.6908985583187113,0.001116016475016135,0.22646121680736542,0.4845557655126557,0.21178968250751495,0.43603947017219613,0.186895489692688,0.4696119749162449,0.20204779505729675,0.4828708287419744,0.2716424763202667,0.5079588307072659
RADARADFRADARADA,1,0.9696917991951487,0.008333600656835178,0.13581187789051824,0.13464915553134932,0.0011627223591689217,0.997931957244873,0.9798907210522259,0.9945259094238281,0.9748023936071801,0.99535071849823,0.9733271630815444,0.9853877425193787,0.9567237758608254,0.9859709143638611,0.9637149423739675
RADFRADARADARADA,1,0.9710672458455072,0.008173939705579572,0.13101251662338848,0.12987176229785963,0.0011407543255288477,0.9982268214225769,0.9814471582757586,0.993614912033081,0.9724148185427187,0.9949086308479309,0.9720074284392043,0.9851056337356567,0.9562661494030197,0.9914829134941101,0.9732006745668351
RATARAEARATARAEA,1,0.9699334354067031,0.007646361669621211,0.13497347719846212,0.13401697321474804,0.0009565039837140799,0.9976344108581543,0.9784259718969731,0.9946774244308472,0.9752152820492954,0.9936736822128296,0.9685870927550848,0.9850607514381409,0.956193711867334,0.9904372096061707,0.9712451184648281
NFGSVQ,1,0.7876402990594593,0.08033070698408461,0.5170663624686901,0.499436026829998,0.017630335638692096,0.8748381733894348,0.8360691611367279,0.8084807395935059,0.8016396856968061,0.860260546207428,0.8411297047105853,0.8243786692619324,0.8300413420956029,0.4541763365268707,0.6293216016575742
YFCFY,1,0.8433664060892063,0.033528845454385676,0.43404520797379853,0.4295006560790255,0.004544551894773041,0.873798131942749,0.8353765935085232,0.8081749081611633,0.8014511485035055,0.8607594966888428,0.8414316189473626,0.9376872181892395,0.9043060624679711,0.8277080059051514,0.8342666070186697
RATARAEFRATARAEA,1,0.9730788576754252,0.008503050318387485,0.12387118410636294,0.12258478099281951,0.00128640311354343,0.9984490871429443,0.9827052488889374,0.9947249293327332,0.9753457516759048,0.9961047172546387,0.9757250378882435,0.9856299757957458,0.9571199705091191,0.992149829864502,0.9744982794149207
SAEAKAEAKAEASAEA,1,0.9641054927920129,0.007772982184193324,0.1546696135175223,0.15378167780031154,0.0008879357172107416,0.9958208799362183,0.9709760137981628,0.9944285154342651,0.9745395270542332,0.9878353476524353,0.9556286316420237,0.9846254587173462,0.9554962992859986,0.986080527305603,0.9638869921796458
YTIAALLSPYS,1,0.937435899039421,0.03591570143938267,0.2339652122739319,0.22279729845845556,0.011167913815476355,0.99298495054245,0.9620427130008246,0.9960480332374573,0.9792051588300104,0.9296581745147705,0.8891637934628921,0.932526171207428,0.9000515246184604,0.9812240600585938,0.9567163052849174
VKVKVKVK,0,0.4629058384545061,0.05813003709879615,0.6903926969280327,0.6836005460793956,0.006792150848637157,0.17807617783546448,0.44466695867561373,0.1830858290195465,0.4094652082219416,0.1695433109998703,0.4535863575671793,0.14941804111003876,0.4315037435773459,0.3663254976272583,0.5753069242304499
WTVIIE,1,0.8838020676758385,0.01586878162106856,0.3592805567100624,0.3580486804183016,0.0012318762917608028,0.9591957330703735,0.9068451400880453,0.9287936687469482,0.8883459845957835,0.8927778005599976,0.8618709595100735,0.9212577939033508,0.8912330934697617,0.8848413825035095,0.8707151607155283
VTVIIE,1,0.8881812067633206,0.02197240762374141,0.3503011487770766,0.347889392750795,0.002411756026281575,0.9664221405982971,0.915567948802297,0.9375901818275452,0.896487344637652,0.8839841485023499,0.8560246895778864,0.9362012147903442,0.9030655535836226,0.8834444284439087,0.869760497215145
TTVIIE,1,0.7834203706613267,0.06623690967338072,0.5225446975586001,0.509480582145329,0.013064115413271127,0.9327467083930969,0.880216859758401,0.5805206298828125,0.6741300999917171,0.7345666289329529,0.7741253417210479,0.7802364826202393,0.806540645131396,0.73570317029953,0.7820889067040718
STVYIE,1,0.5090660431349288,0.06565026540000284,0.6929827852748958,0.6843096546392242,0.008673130635671544,0.3270263075828552,0.5518837781544057,0.24447579681873322,0.46365332388504543,0.20982909202575684,0.4892062920672057,0.3906668722629547,0.6125094504746589,0.18168170750141144,0.4280773710933283
STVWIE,1,0.7814614458596584,0.05290404935021401,0.5250520253568068,0.5171193797058997,0.007932645650907122,0.8648875951766968,0.8295437021951987,0.606538712978363,0.6881957386542588,0.7086144685745239,0.7615956292447867,0.7646952867507935,0.7986003328947019,0.819508969783783,0.8293718263093456
STVNIE,1,0.35943204489407987,0.03936841437743048,0.6530907136003459,0.649633640458403,0.003457073141942879,0.10621681064367294,0.3676476200335004,0.15102820098400116,0.376397514935446,0.10505280643701553,0.3805468632235305,0.05209244787693024,0.282078263075502,0.14730124175548553,0.3904899632024206
STVIIW,1,0.8712116845439857,0.029265769888196,0.38407683607879356,0.38018596355677164,0.0038908725220219154,0.9568158984184265,0.9041466308159662,0.9012776017189026,0.8652638453187095,0.8615211248397827,0.841893329102513,0.940030574798584,0.9062893687866149,0.8346518874168396,0.8384652486961245
STVIIV,1,0.8597304893890264,0.022124117037882893,0.4054524234894419,0.40337334087112164,0.0020790826183202382,0.9354303479194641,0.8826450903749825,0.8692359924316406,0.8414700208057194,0.8636371493339539,0.8431815638131381,0.9204466938972473,0.8906203110007795,0.8383708000183105,0.8407354609505123
STVIIT,1,0.7950367645227332,0.02914158203281235,0.5072064198225377,0.5046144018983281,0.0025920179242095998,0.872146725654602,0.834282126740868,0.7162370681762695,0.7479612106097212,0.7558309435844421,0.7846033433652472,0.7552095055580139,0.7938192538031761,0.7940018177032471,0.8145178880946539
STVIIS,1,0.8195882054273502,0.035118569760911884,0.4720173363776734,0.4676787239122329,0.004338612465440483,0.9308740496635437,0.8785506525951294,0.7735410332679749,0.7806448232685333,0.7641065120697021,0.7887447666821052,0.7982848882675171,0.8159585099346024,0.8273346424102783,0.8340422746563808
STVIIN,1,0.854384598175621,0.03567272758108528,0.41502755391437374,0.4097262601956313,0.005301293718742439,0.9624229073524475,0.9106349215687487,0.8923584222793579,0.8583689892719063,0.8026160001754761,0.8086199449699154,0.8901041150093079,0.8693266772565917,0.8120489716529846,0.824972457810943
STVIIM,1,0.8722728497731046,0.02511813824091387,0.3820431608518607,0.37918110264627275,0.0028620582055879362,0.9571713805198669,0.9045448564163695,0.9039044976234436,0.8673417869952605,0.8555660843849182,0.8383101427120911,0.9286555647850037,0.8969544731189645,0.8598982691764832,0.8542129896228372
STVIIL,1,0.8525688208832289,0.0219702806441792,0.41822720783738376,0.41626534418312877,0.0019618636542549917,0.9218685030937195,0.8708307795470552,0.8527777791023254,0.8301297148685075,0.8654378056526184,0.8442842664567609,0.9135858416557312,0.8855407702656307,0.8240229487419128,0.8320585732781903
STVIII,1,0.859170035725322,0.02283056097091612,0.40646725496855607,0.40426506147639324,0.0022021934921628294,0.9301000833511353,0.8778685131725537,0.8708266615867615,0.8425935383986368,0.8745784759521484,0.8499790158362597,0.9239684343338013,0.8933011137537714,0.8241056799888611,0.8321079974653882
STVIIF,1,0.8646533562812001,0.033972536579318154,0.39642552128092845,0.391351803619653,0.005073717661275456,0.9570364356040955,0.9043934898851765,0.8671324253082275,0.8399921284675972,0.8736305832862854,0.8493805853905331,0.9393109083175659,0.9056766587504583,0.8100878000259399,0.8238239189122358
STVIIE,1,0.756533476835382,0.07995326995199102,0.5550428851903328,0.5379381983628877,0.017104686827445148,0.9110528230667114,0.8621108115887903,0.4743511974811554,0.615425749406597,0.7084661722183228,0.7615247001345592,0.7398764491081238,0.7861806444777525,0.6897814869880676,0.757425478569211
STVIID,1,0.7813057153361191,0.07565647085846532,0.5252503867225452,0.5078154498393923,0.017434936883152896,0.9455106258392334,0.8922469487266479,0.6186484694480896,0.6947324397452183,0.7693567872047424,0.7913931957367937,0.8203057050704956,0.8278011189208213,0.5822176337242126,0.7003548735511144
STVIFE,1,0.8309491291386839,0.03696768191923428,0.45437805102446627,0.44911274666324497,0.005265304361221301,0.953056812286377,0.9000327159389109,0.7900115251541138,0.7904133616135256,0.8280041813850403,0.8224299053686936,0.82326340675354,0.8294262277899767,0.7903710007667542,0.8124434349823122
STNIIE,1,0.3503772672009045,0.03775795256516944,0.6476798694614916,0.6445003528376769,0.00317951662381466,0.05507297068834305,0.2845394737537916,0.15111908316612244,0.3764973928953496,0.091368168592453,0.36091424355858015,0.07961813360452652,0.33690825927627915,0.14947161078453064,0.393026966520522
STEIIE,1,0.3440847313369454,0.04403863846302666,0.6437077510907516,0.6393874731491889,0.004320277941562756,0.058141227811574936,0.29081587684453925,0.15961773693561554,0.3856705910376639,0.08647192269563675,0.3533649951798543,0.05789722129702568,0.2950812965059616,0.15159982442855835,0.3954908971167076
SSVIIE,1,0.7362609777027013,0.09393895137997249,0.5769315975809786,0.5546572403198647,0.02227435726111382,0.9020739793777466,0.8552515108142101,0.393215149641037,0.5674246241370482,0.6930699348449707,0.7541949603175763,0.7066494822502136,0.7699279277437348,0.6465454697608948,0.7345058655009373
SQVIIE,1,0.7452292505470186,0.086278409683231,0.5675159096729103,0.5480823361702447,0.019433573502665613,0.9034514427185059,0.8562838196746688,0.44769471883773804,0.6000677506578427,0.752193808555603,0.7827951981104674,0.7234960794448853,0.778123857284037,0.5981897711753845,0.7088756270080768
SNVIIE,1,0.7330161084589996,0.11962855466723259,0.5802358191583051,0.5441959786564651,0.03603984050184006,0.9056597352027893,0.8579534228673275,0.3547762334346771,0.5430687346339449,0.7726039290428162,0.7930398336221111,0.8163641691207886,0.8256489970108085,0.48205915093421936,0.6453695541608058
SMVIIE,1,0.8927191949273225,0.015123146449215322,0.3407921650127903,0.3396091175242482,0.0011830474885420883,0.9602709412574768,0.9080903771185017,0.9406735897064209,0.8994551234826366,0.9091748595237732,0.873370424731025,0.9407345652580261,0.9068919166233127,0.892164409160614,0.8757881326811364
SFVIIE,1,0.8777595977180376,0.023579484999806156,0.3713651967816731,0.3687451485935406,0.002620048188132551,0.9520699381828308,0.8989804634584354,0.9163188934326172,0.8774936169390194,0.8787998557090759,0.852667615581875,0.9430642127990723,0.908909062055241,0.8544560074806213,0.8507472305556172
SAVIIE,1,0.8668273423689609,0.02837407268722884,0.39237360235343693,0.3889593714352727,0.0034142309181642294,0.9575456380844116,0.9049659220602465,0.9038050770759583,0.8672627271311283,0.8177735805511475,0.8167835916549657,0.8957531452178955,0.8730838673547101,0.8867710828781128,0.8720406036437542
QTVIIE,1,0.735871705182176,0.053998195523025753,0.5773308442573919,0.5699999400023316,0.007330904255060333,0.8103129863739014,0.7968681051680633,0.5168680548667908,0.6393082046047962,0.7356396913528442,0.7746490340181108,0.6246272921562195,0.730722502363429,0.6527925133705139,0.7378106797564813
NTVIIE,1,0.7261844450784308,0.09298816789277203,0.5870170542217156,0.5662901881851024,0.020726866036613223,0.7838019728660583,0.7823442373320807,0.3706607520580292,0.5532891988528443,0.7715970873832703,0.7925285330370576,0.7652851939201355,0.7988992059143473,0.5887805223464966,0.7038610502558243
MTVIIE,1,0.8921283559351245,0.01803569910288211,0.3420422282861194,0.3403618342634923,0.0016803940226270964,0.9664907455444336,0.9156550995495795,0.9404014945030212,0.8991906263117362,0.8979947566986084,0.8654388471058994,0.9355058670043945,0.9024894914390854,0.8951166272163391,0.8778677152693226
GTVIIE,1,0.8425360386033534,0.035641995340020764,0.4354405191140767,0.43063108565465635,0.004809433459420365,0.9474523067474365,0.8941956805918465,0.8577929139137268,0.8335332967435418,0.7576807737350464,0.7855257072235079,0.876946747303009,0.8608662919936063,0.8348063230514526,0.8385592164642642
FTVIIE,1,0.886589068267142,0.018475581546086802,0.35358782190259935,0.35188057025341407,0.0017072516491852818,0.96345055103302,0.9118760469603046,0.9306672215461731,0.8900426219258435,0.8973555564880371,0.8649974305079444,0.9322177171707153,0.8998018940512644,0.8782236576080322,0.8662273478903528
ETVIIE,1,0.6910145630107609,0.09970227175877243,0.6182864854107378,0.5951250472057803,0.02316143820495753,0.8092581629753113,0.7962766597458601,0.3293434679508209,0.5261823185867549,0.7702704668045044,0.7918558418638598,0.4710635840892792,0.655676608101391,0.5538196563720703,0.6850813867559388
DTVIIE,1,0.6951837957148317,0.10665523836348043,0.6148900005957041,0.5884555434868411,0.02643445710886294,0.8113359808921814,0.7974428843525381,0.3077573776245117,0.511273025295242,0.7884590029716492,0.8011838592777012,0.5730060338973999,0.7060765871096761,0.5079788565635681,0.6599426225390016
ATVIIE,1,0.8639421967987099,0.03534496556944082,0.39774220143215944,0.3925527603393838,0.005189441092775637,0.962590217590332,0.9108358069364179,0.9118890762329102,0.8738044462857271,0.7889686226844788,0.8014486947072591,0.8919769525527954,0.8705633669391651,0.8734748363494873,0.8630586691249806
NHVTLS,1,0.3387668000704941,0.04923421706366082,0.6402141129552393,0.6347778948452572,0.005436218109982183,0.05298830196261406,0.28013428023349735,0.12202930450439453,0.34230202604319643,0.11345460265874863,0.3916823078868829,0.053664516657590866,0.2856943319469019,0.15032783150672913,0.39402105424199163
LLYYTE,1,0.7968538244018337,0.05667728285362421,0.5047331370857627,0.4950197365839924,0.00971340050177033,0.615730881690979,0.6993496866105651,0.8519837260246277,0.8295947164754837,0.9001719355583191,0.8669516551722498,0.7885288000106812,0.8108390734320693,0.7272986173629761,0.7775339903188007
KDWSFY,1,0.7150521752131146,0.06688137270137896,0.5975658474848495,0.5859072179382038,0.01165862954664576,0.6554929614067078,0.7182449642052833,0.5110259056091309,0.6360637801957479,0.5335754156112671,0.6794459200322922,0.8359298706054688,0.8364921234352343,0.5909417867660522,0.7050140881970154
FYLLYY,1,0.8653643290794257,0.030016538830967655,0.39510486685404556,0.3908783710158377,0.004226495838207833,0.9066317081451416,0.8586941621569286,0.8749479651451111,0.8455292261407785,0.8976554274559021,0.865204362095423,0.9569238424301147,0.921775350235587,0.8299530744552612,0.8356185447684112
LYQLEN,1,0.6682443528896382,0.09386464260648952,0.635414994642856,0.615833876685878,0.019581117956978034,0.722058117389679,0.7505886499504949,0.5133383274078369,0.6373492280800735,0.5425913333892822,0.6837281509431048,0.696137011051178,0.7648509325964093,0.2675074636936188,0.5047048028781086
LVEALY,1,0.8670433125548739,0.03043732500518451,0.39196884631780393,0.38792600374836295,0.004042842569440985,0.9299049973487854,0.877697160153324,0.9504932761192322,0.9093783798030126,0.8310336470603943,0.8241252668358446,0.8448652625083923,0.8415907096153397,0.9014822840690613,0.8824250463668487
FLVHSS,1,0.8550316212836917,0.03196118042306165,0.4138810185720363,0.4098446462947548,0.004036372277281486,0.8812460899353027,0.8403945736417943,0.8930877447128296,0.8589239864128633,0.9242408871650696,0.8848000803627498,0.918515682220459,0.8891722152142729,0.7716291546821594,0.8018672507867778
STYIIE,0,0.6540921509318892,0.08432824910077487,0.6448765665921756,0.6284139944446118,0.01646257214756386,0.4292478859424591,0.6085121048022819,0.4534364938735962,0.6034052746151761,0.31638747453689575,0.5643896700725586,0.767166018486023,0.799853378573265,0.5709204077720642,0.6943003265961647
STVVIE,0,0.46791180344822986,0.06335905634785508,0.6910864599314749,0.6829486854510325,0.008137774480442395,0.164137601852417,0.4317667204901573,0.1369783729314804,0.3604636602463171,0.265237033367157,0.5309171397611804,0.23407667875289917,0.509510203806355,0.2702941596508026,0.5069012929371396
STVMIE,0,0.5978101719945095,0.10733176924893097,0.6738895815908528,0.6493072727984155,0.02458230879243728,0.16272199153900146,0.4304132892941908,0.4343646466732025,0.5922507973125897,0.39782801270484924,0.6112540420161598,0.345943421125412,0.5863384040512024,0.7110655307769775,0.7687943272984045
STVISE,0,0.30217812763782365,0.05483451364662824,0.6126985446792923,0.6056756377203685,0.007022906958923825,0.047778189182281494,0.2685710596404219,0.12022317945957184,0.34001222659632646,0.04092619568109512,0.261605158087025,0.0391523540019989,0.24905388139526705,0.14828956127166748,0.3916483124700777
STVINE,0,0.31726810175517955,0.043659163681058294,0.6247930546619502,0.6204303964067159,0.004362658255234297,0.0577133409678936,0.2899547387978341,0.13430547714233398,0.35731395466839905,0.048799168318510056,0.28141457293861755,0.04943032190203667,0.27578073721518237,0.1400897055864334,0.3818765051558645
STVIME,0,0.611472065584495,0.12534853654261696,0.6680850574686583,0.6335123260125411,0.03457273145611717,0.16067737340927124,0.4284434936649091,0.5287474393844604,0.6458748268295048,0.3190177381038666,0.5660116736574994,0.3711683452129364,0.6013309896659502,0.7960625886917114,0.8156993441046109
STVILE,0,0.45812782815320474,0.09274043895713767,0.6896365128198878,0.6722089751042013,0.017427537715686503,0.09410808235406876,0.35114604987794007,0.20014242827892303,0.42555185862234024,0.1379709243774414,0.42102308920642695,0.1816265732049942,0.46425179797424176,0.45305368304252625,0.6286663450850747
STVIIP,0,0.4354638126106568,0.0924535979358602,0.6847940573384599,0.6670392408135232,0.017754816524936712,0.0560239776968956,0.2865104634398119,0.32099226117134094,0.5204816668104394,0.23295006155967712,0.5074571988351224,0.09896387904882431,0.36776505220218264,0.25554507970809937,0.49510468176572753
STVIGE,0,0.3852698105268939,0.0210245094688426,0.6665851204329583,0.6656586133899841,0.0009265070429741451,0.12172909080982208,0.38690598085403044,0.14870068430900574,0.3738262461493868,0.09861654043197632,0.3715633093900287,0.09955386072397232,0.3686348757756173,0.17908968031406403,0.42541864046540634
STVIEE,0,0.28609287421906326,0.058771096210625456,0.5986161346596846,0.5902393626817044,0.008376771977980146,0.046085767447948456,0.26462768899708644,0.11562985181808472,0.33408708884105676,0.02938840724527836,0.22718326072642103,0.03269907832145691,0.22978690339529803,0.13432778418064117,0.3747794291354542
STVIDE,0,0.2846354331202452,0.05185735278908525,0.5972781921824379,0.5907366641033732,0.006541528079064718,0.049064815044403076,0.2715048434748811,0.10516073554754257,0.31999211090444296,0.030574308708310127,0.23110155875397542,0.034194134175777435,0.2344582784707964,0.1275140643119812,0.36612037399713027
STVIAE,0,0.3496206829904283,0.0709242725344641,0.6472115106576775,0.6364213003107231,0.010790210346954376,0.06770003587007523,0.3089864646879002,0.13553693890571594,0.3587700842230382,0.055264923721551895,0.29607368795523464,0.06026199087500572,0.3001204879505576,0.2423284947872162,0.48415269013541073
STVGIE,0,0.4044968938443249,0.031036534809524636,0.6747929232161869,0.6727778422612237,0.0020150809549631665,0.13527370989322662,0.4023165239084313,0.19289462268352509,0.4188278989122874,0.15945465862751007,0.44370739700601397,0.08698720484972,0.34923800557692486,0.16307708621025085,0.40839464381796686
STVDIE,0,0.3471781986260022,0.04883163549645663,0.6456823113579886,0.6402165899274479,0.005465721430540693,0.10059963166713715,0.36017147461048504,0.1414126455783844,0.36560237099842197,0.09902509301900864,0.3721461855935756,0.03990379720926285,0.2511573572012046,0.14419367909431458,0.38681360472632365
STVAIE,0,0.3899976139679121,0.0398258274757698,0.6687470195385383,0.6654128667318503,0.003334152806688029,0.09882192313671112,0.3577426970466205,0.17634965479373932,0.40284714107262676,0.12035121768712997,0.40037586265030245,0.07976844906806946,0.3371677456165342,0.20598582923412323,0.45185462345347666
STTIIE,0,0.33243918738120515,0.03700561303307591,0.6358925938750272,0.6327836642408331,0.0031089296341940686,0.05186618119478226,0.27771290121254,0.1265484094619751,0.34793707809278535,0.08675293624401093,0.3538066185029774,0.06148195639252663,0.3026666216765767,0.13860996067523956,0.3800727174211463
STAIIE,0,0.4190135791072002,0.058562428980415734,0.6799716121614258,0.672887333274392,0.007084278887033779,0.08185485005378723,0.33280727919189357,0.2303375005722046,0.4520119548087417,0.14290550351142883,0.42645300342803816,0.10790210962295532,0.3805600402487464,0.2656538486480713,0.5032356178585817
SPVIIE,0,0.4762797829530606,0.07622794602032958,0.6920214606879154,0.6802933324532769,0.011728128234638424,0.1104508638381958,0.37309600800040865,0.34294652938842773,0.5352989933988542,0.11559116095304489,0.39441637688525316,0.25758641958236694,0.527457421239315,0.3303539454936981,0.5511301152414718
PTVIIE,0,0.5473494623813112,0.0872798721957408,0.6886565113119272,0.6732117354328347,0.015444775879092432,0.1864582598209381,0.4520815054481208,0.40856239199638367,0.5768176858738557,0.15303350985050201,0.43717721095460604,0.4025322198867798,0.6191563645286526,0.4929231107234955,0.6515145451013209
KTVLIE,0,0.33288337830713605,0.05564040799221595,0.6362018276005041,0.6294135441763977,0.006788283424106423,0.054149460047483444,0.2826025804525717,0.09448108822107315,0.30465387696277474,0.06198768690228462,0.3100816850722182,0.07376470416784286,0.32652080514169995,0.1941848248243332,0.4405579439064156
KTVIVE,0,0.32316620401867474,0.03956318854996275,0.6292330577857357,0.6257380035881035,0.003495054197632186,0.05789747089147568,0.2903258540185509,0.09866014122962952,0.310781571520562,0.05704428255558014,0.2998940190901861,0.06730861216783524,0.31436344532052035,0.15595874190330505,0.4004661301435545
KTVIIT,0,0.5132465896624872,0.09636128126482735,0.6927961952190808,0.673811602416205,0.018984592802875788,0.13576486706733704,0.40285394017760734,0.3027757406234741,0.5077482197898341,0.20874632894992828,0.4883169957769715,0.19306665658950806,0.47485890389656704,0.5674868822097778,0.6924548886714561
KTVIIE,0,0.4275141308488573,0.07015222626903987,0.682601656294128,0.6724356331139617,0.01016602318016624,0.07143255323171616,0.31558847889078867,0.24748532474040985,0.46607703488490343,0.1205856055021286,0.4006647733185125,0.1465776413679123,0.42837536618686145,0.2964733839035034,0.5268650009632208
YYTEFT,0,0.5122846200856139,0.06903237917009093,0.6928453264054502,0.6832240394518101,0.009621286953640062,0.21706700325012207,0.47731269614881744,0.22244426608085632,0.44531754243286464,0.4395659565925598,0.6331901300602929,0.2800270617008209,0.5435549875347294,0.2170352190732956,0.4620477442513656
WSFYLL,0,0.780800011215673,0.07476195595427587,0.5258935476570827,0.5103612632009706,0.0155322844561121,0.49510812759399414,0.6416402048906015,0.7829950451850891,0.7862263678449367,0.763380765914917,0.7883799907513893,0.8759867548942566,0.8602634503781084,0.8163282871246338,0.8274900422133293
VTLSQP,0,0.2833687749114994,0.05923900080682329,0.5961069180485592,0.5873209179363167,0.008786000112242509,0.03051367960870266,0.22262270371980145,0.09149942547082901,0.3001756161667324,0.08472257107496262,0.35059198458798796,0.025591399520635605,0.20545571582847233,0.10696979612112045,0.3379978542545032
TEFTPT,0,0.2325520481073097,0.045819494933139644,0.5423416694477294,0.536763930445812,0.005577739001917381,0.027456076815724373,0.21275437663102253,0.041731830686330795,0.20589096660457123,0.027473844587802887,0.22062978565807742,0.024227594956755638,0.20030943082467575,0.09707695990800858,0.32317568081820147
SGFHPS,0,0.2755677585139411,0.040409815513544396,0.5887183547182491,0.5846797746722892,0.004038580045959916,0.03294358402490616,0.23000694237525823,0.06724154949188232,0.2597544263176992,0.056530799716711044,0.2988003199984181,0.03836732730269432,0.24682759989908964,0.1100645437836647,0.34244950397924034
SDLSFS,0,0.36688910725045254,0.04867169774106055,0.6572792284720324,0.6522560246582728,0.005023203813759536,0.08773883432149887,0.3418432829014225,0.10819574445486069,0.3241676464667343,0.17408767342567444,0.45789538885384135,0.07838982343673706,0.3347746644383345,0.13511796295642853,0.3757645535919302
RTPKIQ,0,0.2548014554999608,0.06329376292321567,0.5675488648429228,0.5575200047748871,0.010028860068035717,0.029048830270767212,0.2179806575159954,0.06563016772270203,0.25676595474022484,0.0231168232858181,0.20450756106424636,0.029195310547947884,0.21826865682407776,0.1356973499059677,0.3764844473552599
QPKIVK,0,0.26391419773536395,0.07034935882244263,0.5771113579881008,0.5649478233681762,0.012163534619924588,0.030355582013726234,0.22212890402865662,0.06937067955732346,0.26363592667555863,0.021304097026586533,0.19721634456676382,0.03562614694237709,0.23880922687385575,0.15359561145305634,0.39778058653198495
PTEKDE,0,0.21930510967359437,0.0604849383733504,0.5260270540753479,0.5158805518752061,0.010146502200141794,0.025365250185132027,0.20558234457850108,0.042138781398534775,0.2068871430289281,0.01258953008800745,0.1551536583189215,0.022769387811422348,0.19460182471032691,0.10444328188896179,0.33430057773129424
PSDIEV,0,0.286254318704512,0.059536506335097474,0.5987637015715903,0.5902920578480314,0.008471643723558908,0.06688259541988373,0.30750627477889925,0.07095278054475784,0.2664725565715491,0.032147206366062164,0.23614514370089418,0.032569605857133865,0.2293758735354159,0.1483951359987259,0.3917717449358015
PKIQVY,0,0.39825945421892506,0.03740989868066585,0.6722996219014213,0.6693576887069932,0.002941933194428148,0.13817726075649261,0.4054733253119834,0.17763519287109375,0.4041225476491095,0.07492491602897644,0.3342381828722828,0.11961767822504044,0.396211592986085,0.20534415543079376,0.45125162227516447
NGKSNF,0,0.33305910336175637,0.04987353973914994,0.6363239173353004,0.6306611715540432,0.005662745781257139,0.10379824787378311,0.3644645679918731,0.06903098523616791,0.2630216473710155,0.11500433832406998,0.3936691903995549,0.05371346324682236,0.2858057453494783,0.12158671766519547,0.3583343656968604
NGERIE,0,0.3032937376567898,0.04860254706209613,0.6136293022958962,0.6080529954601002,0.005576306835796019,0.03515974059700966,0.23643059847752967,0.09456253051757812,0.3047749279761839,0.06652815639972687,0.31894009706715676,0.04871447756886482,0.2740480331082248,0.14041805267333984,0.3822750316548539
LKNGER,0,0.3893028649330577,0.08007276896175,0.6684352281669137,0.6547552526239933,0.013679975542920442,0.12518839538097382,0.39095539147047337,0.07111569494009018,0.2667624134127835,0.22588559985160828,0.5020233088786622,0.15710343420505524,0.43975521653029237,0.11330106854438782,0.34701799437307734
KWDRDM,0,0.32808606926384787,0.04882903234911861,0.6328149265230256,0.6273026360970692,0.0055122904259564676,0.0633910596370697,0.3010357420459586,0.06095834821462631,0.24783728197749424,0.10128755867481232,0.37534236744353844,0.08095990121364594,0.33921228857431257,0.1361154466867447,0.37700266627793566
KVEHSD,0,0.27785580725750797,0.03575574776337798,0.5909167891627245,0.5877412617376045,0.0031755274251199506,0.0396537184715271,0.24866363555720392,0.05371740460395813,0.23313003277792188,0.04539356753230095,0.2731398557691311,0.061440110206604004,0.3025798713610571,0.1027338057756424,0.3317656408222259
KSNFLN,0,0.3139701149750539,0.028098225031864894,0.6222404720258214,0.6204263011181511,0.0018141709076703316,0.05325287580490112,0.2806999826422822,0.08959149569272995,0.2972611879701,0.06604623049497604,0.31802080390675536,0.064909428358078,0.30963644662039896,0.1260593980550766,0.3642321537357332
IQVYSR,0,0.6303082369587639,0.09098653595969085,0.6587914279709142,0.6409578824039207,0.01783354556699346,0.4146019518375397,0.6008613091885744,0.27012819051742554,0.4837581917722903,0.6795918345451355,0.7478264766940971,0.5636031031608582,0.7015493507972728,0.43420106172561646,0.6175458563415853
IQRTPK,0,0.24400937531867162,0.047279793989152524,0.5556575536767889,0.5497701318903875,0.005887421786401448,0.021809305995702744,0.1924440112144116,0.04869978502392769,0.22221975378584552,0.03872103616595268,0.2555896534072089,0.029741311445832253,0.22012009114585873,0.10133669525384903,0.3296733670400334
FTPTEK,0,0.20482851405354702,0.03743742888584489,0.5070237414551965,0.5029152337008834,0.00410850775431304,0.022503899410367012,0.1951136991852959,0.0309516042470932,0.17711353267963506,0.022074690088629723,0.20036287945516393,0.018081992864608765,0.17455244528908317,0.07008978724479675,0.2770000136585571
FSKDWS,0,0.409387927848622,0.07354197512264235,0.676634999192017,0.6654148495136434,0.011220149678373592,0.17540763318538666,0.4422544523978103,0.1431591957807541,0.36759774010990204,0.2605466842651367,0.5276368923415964,0.0643872618675232,0.3085914829603982,0.15630653500556946,0.4008590714334035
FHPSDI,0,0.2870443091583213,0.0286816085903217,0.5994839468055364,0.5975138916898263,0.0019700551157101343,0.04445493221282959,0.26073230616913523,0.07443298399448395,0.2725767480712343,0.05205067619681358,0.2889464693297652,0.047661397606134415,0.2714673214058113,0.10939868539571762,0.3414987008156603
EVDLLK,0,0.3548204042836964,0.04982700922418405,0.65037969650315,0.6449170472992363,0.005462649203913705,0.06511208415031433,0.30425581749702796,0.14182148873806,0.36607088311213815,0.12608100473880768,0.40732239817385396,0.05537434294819832,0.2895456126520891,0.1617255061864853,0.4069073099833728
ERIEKV,0,0.2581006837803067,0.06068243788803746,0.5710609024718831,0.5619195087027309,0.00914139376915224,0.03466660901904106,0.23502524800053667,0.06117691472172737,0.2482641954321077,0.028723841533064842,0.22494139340441635,0.025735266506671906,0.20598842591076974,0.13553598523139954,0.3762841561537031
EHSDLS,0,0.30608691944954486,0.058642466338583,0.6159338566010797,0.6077569529628283,0.00817690363825141,0.03625214472413063,0.2394972223281955,0.1034686490893364,0.31763053433612015,0.08980181068181992,0.35853208018345994,0.03506752848625183,0.23712581815050246,0.13663806021213531,0.37764894224944634
DIEVDL,0,0.43983716089507335,0.08236182815310385,0.6858904758294919,0.6721025349725706,0.013787940856921366,0.34574317932128906,0.5629102721901399,0.1267285943031311,0.34815904360508276,0.23678386211395264,0.5103574339679658,0.10671359300613403,0.37890415709078645,0.15453805029392242,0.39885489762139154
AENGKS,0,0.37085735856770646,0.09068684123713111,0.6594104051164991,0.6414453622022284,0.0179650429142707,0.03466888889670372,0.2350317761105773,0.10330694168806076,0.3174035545933275,0.16842395067214966,0.4525119612239734,0.20484629273414612,0.485314604657505,0.12590040266513824,0.36402489625314927
YQLENY,0,0.44755031867026557,0.08124875858091805,0.6876351072984459,0.6741727662916983,0.013462341006747591,0.30976587533950806,0.5413768961019031,0.1163022518157959,0.3349638102240161,0.17046144604682922,0.4544637261233089,0.25968652963638306,0.5290040050334321,0.1368764191865921,0.3779431558686677
SLYQLE,0,0.4014436276027942,0.03678854197446272,0.67359266757203,0.6707811567941334,0.002811510777896542,0.09502488374710083,0.352447416821136,0.15300340950489044,0.3785595341362539,0.1303601711988449,0.41235930823170674,0.12368850409984589,0.4013876114607059,0.2174949049949646,0.4624642673641684
SHLVEA,0,0.3843352187333327,0.08496476305174651,0.6661465976019147,0.6509714105635542,0.015175187038360516,0.05650975927710533,0.28750824109549855,0.11402653902769089,0.3319832495683886,0.08052203804254532,0.3437586333266911,0.15050534904003143,0.43268975277614885,0.29495224356651306,0.5257362168999365
RGFFYT,0,0.7092191773243799,0.11255781624002958,0.6028493390103273,0.5730601867119629,0.02978915229836443,0.25392186641693115,0.5046172782750297,0.6352169513702393,0.703678903947993,0.8092091679573059,0.8121433027307199,0.585918128490448,0.7122690875806352,0.7920249700546265,0.8133873140875213
HLVEAL,0,0.6061388017959896,0.16815142172207903,0.6704439506048574,0.6053525542040814,0.06509139640077599,0.10626485198736191,0.36771031348475613,0.3879731595516205,0.5641760552432025,0.4443909525871277,0.6356582058388787,0.3240855038166046,0.5727890849309484,0.9122136235237122,0.890360349482162
GFFYTP,0,0.6180513901654677,0.10794284315778314,0.6650100120356931,0.6396327570672259,0.02537725496846721,0.2938196361064911,0.5313451586907071,0.7281901240348816,0.754646038760944,0.2622699737548828,0.5288467706111272,0.26057302951812744,0.5296542455431337,0.6678175330162048,0.7457647372214271
GERGFF,0,0.6173117420138137,0.04255747522716361,0.6653648355275195,0.6614379348224825,0.003926900705036984,0.42453551292419434,0.6060637789689328,0.41737350821495056,0.5821358214254145,0.578826904296875,0.700780255137004,0.3743664026260376,0.6031875209828595,0.39622971415519714,0.5943913335548572
FYTPKT,0,0.2571710434710735,0.0390311890432633,0.5700770705070741,0.5661199784294116,0.003957092077662483,0.04217460751533508,0.25511758607639795,0.0547037310898304,0.2352015177155245,0.04348510131239891,0.2683127291918247,0.0254086684435606,0.2047763678940803,0.09660666435956955,0.32244701647754004
NLGPVL,0,0.40536432997185745,0.08723415887422323,0.6751268535064363,0.6592401237201699,0.015886729786266374,0.05975959822535515,0.2940332401459305,0.28240352869033813,0.49297003237457115,0.112672820687294,0.3906723811099186,0.0769863948225975,0.33230755904817316,0.2831333577632904,0.5168384371806938
LIAGFN,0,0.8807721822159105,0.015608763830376246,0.36538364365972525,0.3642309502269525,0.0011526934327727445,0.9055394530296326,0.8578620084116362,0.90508633852005,0.8682841517599343,0.9354833364486694,0.894035921367068,0.9318064451217651,0.8994698316675896,0.9039344191551208,0.8842089978733233
FKFEF,1,0.868366845248811,0.025450032778847796,0.3894795165408519,0.38656644552283326,0.0029130710180186314,0.9609782695770264,0.9089188719634903,0.8761124610900879,0.8463653865169677,0.9070149660110474,0.8718052999980884,0.9030525088310242,0.8780654275833778,0.8317084312438965,0.8366792401821312
VKVEV,1,0.3839709526164741,0.040249692193094794,0.6659746795467081,0.6625644724425439,0.0034102071041641757,0.18180367350578308,0.4479941277661071,0.11834723502397537,0.3376102978586897,0.1302393078804016,0.41221873552352856,0.09432817250490189,0.36079656511159064,0.12377311289310455,0.36123503682245467
KFFFE,1,0.8321612530960387,0.04092325248562416,0.4524426628976096,0.4461969057890395,0.006245757108570116,0.864730715751648,0.829442552233128,0.7618595361709595,0.7738344883118581,0.9418267607688904,0.8995847276585806,0.8474366068840027,0.8430771365232114,0.794611930847168,0.8148673607534155
KFAFD,1,0.8481314735434843,0.026188029724360597,0.4259365905584182,0.42317680085925086,0.0027597896991673476,0.9081597328186035,0.8598661203386738,0.8503317832946777,0.8284850212537196,0.9333023428916931,0.8921883989970943,0.8464945554733276,0.8425315226011064,0.7993430495262146,0.8175863045268276
KKFDD,0,0.2063938184442083,0.05454655815394533,0.5091393888167555,0.5004822447008586,0.008657144115896909,0.028464974835515022,0.2160873079697739,0.033026255667209625,0.1830550466696636,0.012202700600028038,0.15291389305873257,0.017619743943214417,0.17241023859477023,0.08728407323360443,0.307502605928101
VKVKV,0,0.31776424397673175,0.034238920543776655,0.6251727077281024,0.6224676070864883,0.002705100641614111,0.09846902638673782,0.3572568082978664,0.07923842966556549,0.28071906089230125,0.06427831202745438,0.31460667048979557,0.05116681754589081,0.2799140543631194,0.12008695304393768,0.35632462584057634
KVKVK,0,0.24285100581366076,0.04573795507286127,0.5543440026860618,0.5488243933689457,0.0055196093171160365,0.04451902583241463,0.2608872370512861,0.0410354807972908,0.20417303803909725,0.02372606284916401,0.20687482361790824,0.028994137421250343,0.217580903053951,0.0980909913778305,0.32473902730606125
DPDPD,0,0.21263666135576628,0.06917869307828589,0.5174291618671105,0.504057005192091,0.013372156675019564,0.026439113542437553,0.2093123534594636,0.0355866439640522,0.19010020762394148,0.011941643431782722,0.15137795378736804,0.016513153910636902,0.16714027628555952,0.11204300820827484,0.3452525156224988
SYCGY,1,0.8620817289095235,0.021833241163962607,0.4011664715458651,0.3991127878490527,0.002053683696812414,0.9154350161552429,0.8655785925841819,0.9025142192840576,0.8662392171921152,0.8463460803031921,0.8328768505981776,0.9300284385681152,0.898044308577118,0.8495678901672363,0.8476696755960251
RWLDY,1,0.8226207885661525,0.025559687025796998,0.4673961044375279,0.4651472495742481,0.0022488548632798033,0.797073483467102,0.7895298806794421,0.8375042676925659,0.8200116348963923,0.8790982961654663,0.8528591842121959,0.8595475554466248,0.8502051591783988,0.7691765427589417,0.8004980838643334
KWEFY,1,0.807315857364707,0.04350473470792716,0.4900916757023175,0.48397196307109686,0.006119712631220631,0.6976581811904907,0.7385766630356427,0.7978553175926208,0.7951429248191819,0.8446022272109985,0.8318637961601956,0.8913246989250183,0.8701316809049455,0.769832968711853,0.8008642219035695
FKIDF,1,0.8661596757576536,0.02550995303343736,0.39362234291382636,0.3907710959015974,0.0028512470122289413,0.9587954878807068,0.9063858445614434,0.8983817100524902,0.8629988221714721,0.8918988108634949,0.8612774079698217,0.896146297454834,0.8733484232732611,0.815137505531311,0.8267878808122695
KFFDY,1,0.8214188128350319,0.025438621595010497,0.469235240280177,0.4669722586802402,0.002262981599936764,0.8359770178794861,0.8116750804338455,0.7996799945831299,0.796250986740256,0.8938351273536682,0.8625877735412597,0.8389423489570618,0.8381998666880401,0.7653719782829285,0.7983803567717588
YTEYK,0,0.23021778607179022,0.04220766476682524,0.5395393609681346,0.5346499744882134,0.0048893864799212094,0.03353958949446678,0.23176227409791453,0.0385432243347168,0.19788050804994423,0.03003489226102829,0.229332064240647,0.0205373577773571,0.18540722222755998,0.08680468797683716,0.30670686174288525
YDPKY,0,0.2294773656323795,0.05584042400879404,0.5386440649587801,0.5303852640411609,0.008258800917619213,0.025989336892962456,0.20776235210250743,0.04239406809210777,0.20750917355628146,0.0217733234167099,0.1991408607524523,0.02222268097102642,0.1924032847178292,0.10875166952610016,0.34057115703282714
YEPYK,0,0.21677486686307773,0.056551207326800114,0.5227956043162895,0.5139654923668859,0.00883011194940353,0.024090632796287537,0.2010189195969139,0.040717869997024536,0.20338379414294244,0.016108011826872826,0.173827316320384,0.018899021670222282,0.17825902819809292,0.09982308000326157,0.3273852760570555
