policy,sequence,sequence_length,inside_preferred_length_range,valid_sequence,already_labeled,excluded_holdout,excluded_phase3,acquisition_method,acquisition_variant,generator_objective,generator_utility_score,generator_utility_scope,similarity_penalty,length_penalty,generator_fitness,raw_member_probability_1,raw_member_probability_2,raw_member_probability_3,raw_member_probability_4,raw_member_probability_5,calibrated_member_probability_1,calibrated_member_probability_2,calibrated_member_probability_3,calibrated_member_probability_4,calibrated_member_probability_5,raw_ensemble_mean_probability,calibrated_ensemble_mean_probability,calibrated_ensemble_std_probability,calibrated_predictive_entropy,calibrated_expected_member_entropy,calibrated_mutual_information,surrogate_space_incumbent,ucb_kappa,improvement_xi,zero_variance_epsilon,ensemble_sd_ddof,mes_cdf_clip_min,final_acquisition_utility,final_acquisition_utility_applicable,final_acquisition_utility_scope,selection_rank,mes_maximum_value_samples,mes_tie_count,tie_break_seed,random_shuffle_audit_key
random,MNNYY,5,True,True,False,False,False,random,deterministic seeded random selection after Phase 3 broad-pool generation,broad_pool,0.0,generation,0.024265734265734272,0.0,-0.024265734265734272,,,,,,,,,,,,,,,,,,1.0,0.0,1e-08,0,1e-12,,False,not_applicable,1,,,,26f08fe8e76450d3c2d8ff5e28d63d99f950d50b0013ca9deb87dee416dadc9a
random,FSTTY,5,True,True,False,False,False,random,deterministic seeded random selection after Phase 3 broad-pool generation,broad_pool,0.0,generation,0.02300699300699301,0.0,-0.02300699300699301,,,,,,,,,,,,,,,,,,1.0,0.0,1e-08,0,1e-12,,False,not_applicable,2,,,,c42274a19fa5fa2843a08e231fd05bd669b5f7c12170edfef7fe00d717a38112
random,VVFNR,5,True,True,False,False,False,random,deterministic seeded random selection after Phase 3 broad-pool generation,broad_pool,0.0,generation,0.028571428571428574,0.0,-0.028571428571428574,,,,,,,,,,,,,,,,,,1.0,0.0,1e-08,0,1e-12,,False,not_applicable,3,,,,9e3d8ce6e2ee6dc854f2408427b1f5b9da5b1c1d90ec2caefd7ef7c08b6bc7c7
random,EHQEA,5,True,True,False,False,False,random,deterministic seeded random selection after Phase 3 broad-pool generation,broad_pool,0.0,generation,0.02,0.0,-0.02,,,,,,,,,,,,,,,,,,1.0,0.0,1e-08,0,1e-12,,False,not_applicable,4,,,,96763a7bccb4dae46d2a111c10cd38ad06da91d7ffb5f2ba90762f39b293d7dc
random,FNNYY,5,True,True,False,False,False,random,deterministic seeded random selection after Phase 3 broad-pool generation,broad_pool,0.0,generation,0.024545454545454544,0.0,-0.024545454545454544,,,,,,,,,,,,,,,,,,1.0,0.0,1e-08,0,1e-12,,False,not_applicable,5,,,,8498c3b51eba32ac2ffa01cde7155937e4dbc9f337d094343d56529b8807a24e
greedy,MQMMGMNVAG,10,True,True,False,False,False,greedy,calibrated greedy exploitation,greedy,0.977064367600718,generation,0.03500000000000001,0.0,0.942064367600718,0.9985843896865845,0.9959807395935059,0.9949575066566467,0.993253767490387,0.9942477941513062,0.9835141658575489,0.9789968801538658,0.972150562880687,0.9717594552234683,0.9789018591199592,0.995404839515686,0.9770645846471059,0.004494406508684464,0.10925323271909211,0.10879706336072097,0.0004561693583711446,0.9926534603589554,1.0,0.0,1e-08,0,1e-12,0.9770645846471059,True,final,1,,,20260318,
greedy,MQMMQCRCRG,10,True,True,False,False,False,greedy,calibrated greedy exploitation,greedy,0.9770508431586815,generation,0.0415,0.0,0.9355508431586815,0.9992271661758423,0.9956696033477783,0.9946401715278625,0.99272620677948,0.9935645461082458,0.9880093143429167,0.9780522839421211,0.9712327016417022,0.9705561749702012,0.9774065569795002,0.9951655387878418,0.9770514063752882,0.006280907429102313,0.10930267201444566,0.10833760609414722,0.0009650659202984357,0.9926534603589554,1.0,0.0,1e-08,0,1e-12,0.9770514063752882,True,final,2,,,20260318,
greedy,MLNMGLNYAG,10,True,True,False,False,False,greedy,calibrated greedy exploitation,greedy,0.9760269161764168,generation,0.038000000000000006,0.0,0.9380269161764168,0.9990144968032837,0.9953354001045227,0.9944323897361755,0.9939595460891724,0.9911717772483826,0.9863717277480082,0.9770688246571612,0.9706457675355668,0.9734383815756079,0.9726092555426856,0.9947827219963074,0.976026791411806,0.0055756322679676425,0.11312321425569083,0.11238697009602325,0.0007362441596675817,0.9926534603589554,1.0,0.0,1e-08,0,1e-12,0.976026791411806,True,final,3,,,20260318,
greedy,MQMMQIRCRR,10,True,True,False,False,False,greedy,calibrated greedy exploitation,greedy,0.9759962770125661,generation,0.03400000000000001,0.0,0.941996277012566,0.999019980430603,0.995907187461853,0.9949415326118469,0.9931372404098511,0.9904149770736694,0.9864116866295933,0.9787708930412623,0.9721037095864922,0.9714900915486652,0.9712044984509421,0.9946841835975647,0.9759961758513912,0.005909283914845116,0.11323667243620292,0.11241912340665183,0.0008175490295510845,0.9926534603589554,1.0,0.0,1e-08,0,1e-12,0.9759961758513912,True,final,4,,,20260318,
greedy,MQMMQCRCRR,10,True,True,False,False,False,greedy,calibrated greedy exploitation,greedy,0.9757608045808371,generation,0.03800000000000001,0.0,0.9377608045808371,0.9993852376937866,0.9956040382385254,0.9948169589042664,0.9927864670753479,0.9892596006393433,0.9893723082205303,0.9778569025694843,0.9717407269353908,0.9706915614349686,0.9691428262390233,0.9943704605102539,0.9757608650798796,0.0074205464188718834,0.11410737861576825,0.11276202758023661,0.0013453510355316417,0.9926534603589554,1.0,0.0,1e-08,0,1e-12,0.9757608650798796,True,final,5,,,20260318,
ucb,MGLRRVIAYL,10,True,True,False,False,False,ucb,calibrated upper-confidence bound,ucb,0.9944991562330601,generation,0.039298245614035096,0.0,0.955200910619025,0.8523337841033936,0.9939876794815063,0.9869993329048157,0.988538384437561,0.9907175898551941,0.8216035832610973,0.9733731744502557,0.9540499246653503,0.9621423600049851,0.9717606764965148,0.9625153541564941,0.9365859437756405,0.057913083895079084,0.2362598714621938,0.2135644845538224,0.02269538690837139,0.9926534603589554,1.0,0.0,1e-08,0,1e-12,0.9944990276707196,True,final,1,,,20260318,
ucb,MGLRRVIAYF,10,True,True,False,False,False,ucb,calibrated upper-confidence bound,ucb,0.9918343205740643,generation,0.04836257309941521,0.0,0.9434717474746491,0.8567314743995667,0.9930597543716431,0.9842073917388916,0.9895094633102417,0.9896271228790283,0.8243507261127518,0.9710303236630028,0.9491071914960243,0.9639471147627623,0.9697885394844972,0.9626270413398743,0.9356447791038077,0.056189960169110126,0.23878658687844556,0.2175353102532996,0.02125127662514595,0.9926534603589554,1.0,0.0,1e-08,0,1e-12,0.9918347392729179,True,final,2,,,20260318,
ucb,LCLESDDYNY,10,True,True,False,False,False,ucb,calibrated upper-confidence bound,ucb,0.9900025450841614,generation,0.035454545454545454,0.0,0.954547999629616,0.9988368153572083,0.9916464686393738,0.9933696985244751,0.986665666103363,0.8894302248954773,0.9851302144132357,0.967703359699224,0.9677958170597087,0.9588496794947434,0.8738801946633938,0.9719897747039795,0.9506718530660612,0.03933069201810022,0.19653224125395258,0.18256459698063202,0.013967644273320562,0.9926534603589554,1.0,0.0,1e-08,0,1e-12,0.9900025450841614,True,final,3,,,20260318,
ucb,LCLESDEYNY,10,True,True,False,False,False,ucb,calibrated upper-confidence bound,ucb,0.9895794172874084,generation,0.03772727272727273,0.0,0.9518521445601357,0.9989148378372192,0.9915024042129517,0.9935259819030762,0.987623929977417,0.8972719311714172,0.9856632731339108,0.9673781832212318,0.9682003951262792,0.960505954495204,0.8793992432227277,0.9737678170204163,0.9522294098398707,0.03735000744753772,0.1918978099029128,0.1788458195000402,0.01305199040287261,0.9926534603589554,1.0,0.0,1e-08,0,1e-12,0.9895794172874084,True,final,4,,,20260318,
ucb,MCLEKQEYNY,10,True,True,False,False,False,ucb,calibrated upper-confidence bound,ucb,0.9878195750121087,generation,0.03727272727272728,0.0,0.9505468477393815,0.9988943934440613,0.9901567697525024,0.9934984445571899,0.9851922988891602,0.8965030908584595,0.9855218600973812,0.9644468909761121,0.9681287698086696,0.9564063068632429,0.8788515994609482,0.9728489995002747,0.9506710854412708,0.03714848957083795,0.1965345123992547,0.18376602413355198,0.012768488265702732,0.9926534603589554,1.0,0.0,1e-08,0,1e-12,0.9878195750121087,True,final,5,,,20260318,
pi,YWRMRHWDMCECRAAVVEPPN,21,False,True,False,False,False,pi,probability-space approximate probability of improvement,pi,0.9133930804025562,generation,0.09401858304297328,0.5,0.3193744973595829,0.9999659061431885,0.9998574256896973,0.9996005892753601,0.9994633793830872,0.9996510744094849,0.9977064642920211,0.9971256925133408,0.9928572574046665,0.9931475222205273,0.9962336451453248,0.9997076749801636,0.9954141163151761,0.0020263739097542634,0.02926929257099123,0.02881848289556921,0.00045080967542202033,0.9926534603589554,1.0,0.0,1e-08,0,1e-12,0.9134582540607905,True,final,1,,,20260318,
pi,YVRMRHWDMCECRAAVVEPPN,21,False,True,False,False,False,pi,probability-space approximate probability of improvement,pi,0.9119281971180333,generation,0.09403794037940379,0.5,0.3178902567386295,0.9999711513519287,0.9998897314071655,0.9996097683906555,0.9994526505470276,0.9996622800827026,0.9979014421157377,0.997535662656026,0.992946421899392,0.9930707189574495,0.9963088376446392,0.999717116355896,0.9955526166546488,0.0021435200002627103,0.028522013895534232,0.027998316696817405,0.0005236971987168278,0.9926534603589554,1.0,0.0,1e-08,0,1e-12,0.9118956831497969,True,final,2,,,20260318,
pi,YWRMRHWDECECRAAVVEPPN,21,False,True,False,False,False,pi,probability-space approximate probability of improvement,pi,0.8995472338281113,generation,0.09003097173828882,0.5,0.3095162620898225,0.9999701976776123,0.9998489618301392,0.9996137022972107,0.9994254112243652,0.9995458722114563,0.9978648252825538,0.997024706469528,0.9929849323017742,0.9928786482491049,0.9955679533894026,0.9996808290481567,0.9952642131384726,0.0020416081605730777,0.030073363013794395,0.029614495870390084,0.00045886714340431095,0.9926534603589554,1.0,0.0,1e-08,0,1e-12,0.8995114449134674,True,final,3,,,20260318,
pi,YVRMRHWDMCECRAVVEPPN,20,False,True,False,False,False,pi,probability-space approximate probability of improvement,pi,0.8935269978167795,generation,0.0934959349593496,0.5,0.30003106285742986,0.9999680519104004,0.9998830556869507,0.9996259212493896,0.9993855953216553,0.9995643496513367,0.99778439576115,0.9974473507883163,0.9931057211469524,0.99260497090551,0.9956801842207929,0.9996853947639466,0.9953245245645442,0.0021448968264973097,0.02975043842103079,0.029242795310885295,0.0005076431101454955,0.9926534603589554,1.0,0.0,1e-08,0,1e-12,0.8934913239561,True,final,4,,,20260318,
pi,YVRMRHWDMCECRACVVEPPN,21,False,True,False,False,False,pi,probability-space approximate probability of improvement,pi,0.8928896326344733,generation,0.093244289585753,0.5,0.29964534304872026,0.9999710321426392,0.9998941421508789,0.9995567202568054,0.999464213848114,0.9996449947357178,0.9978968342695974,0.9975951953581587,0.9924436458102628,0.9931535240222528,0.9961932377181391,0.999706220626831,0.9954564874356822,0.002256236706093502,0.029041131233496748,0.028473048349537695,0.0005680828839590528,0.9926534603589554,1.0,0.0,1e-08,0,1e-12,0.8929455700705279,True,final,5,,,20260318,
ei,PMKCCD,6,True,True,False,False,False,ei,probability-space approximate expected improvement,ei,0.00479445147745073,generation,0.015425407925407924,0.0,-0.010630956447957194,0.23505815863609314,0.9298088550567627,0.9223592877388,0.7249727845191956,0.8395297527313232,0.49100560328102827,0.8892629397574163,0.8833186698161554,0.7788463373702813,0.8414461615163531,0.7303457677364349,0.7767759423482469,0.14822677749706548,0.5309583610069186,0.4733854805265345,0.057572880480384114,0.9926534603589554,1.0,0.0,1e-08,0,1e-12,0.00479445147745073,True,final,1,,,20260318,
ei,PMLGPLV,7,True,True,False,False,False,ei,probability-space approximate expected improvement,ei,0.003996499845224214,generation,0.02383699633699634,0.0,-0.019840496491772126,0.1093301996588707,0.9134594798088074,0.06605327874422073,0.20071706175804138,0.8575210571289062,0.3716688514840826,0.8751033379995634,0.31803428334898226,0.48170018758425803,0.8526938615458821,0.42941621541976926,0.5798401043925537,0.23796577554500375,0.6803435577650011,0.5544541543866867,0.12588940337831445,0.9926534603589554,1.0,0.0,1e-08,0,1e-12,0.003996499845224214,True,final,2,,,20260318,
ei,MMDMPV,6,True,True,False,False,False,ei,probability-space approximate expected improvement,ei,0.0035702494255349174,generation,0.012626262626262626,0.0,-0.009056013200727709,0.10148172080516815,0.9392982721328735,0.5054706931114197,0.20594175159931183,0.8138773441314697,0.3613651263339697,0.89812345116615,0.6659596873396565,0.4862646488356038,0.8260461674808482,0.5132139563560486,0.6475518162312456,0.201445575390268,0.6489490021164188,0.555051934293238,0.09389706782318086,0.9926534603589554,1.0,0.0,1e-08,0,1e-12,0.003567776033048987,True,final,3,,,20260318,
ei,PMLGPLG,7,True,True,False,False,False,ei,probability-space approximate expected improvement,ei,0.0006378689726242275,generation,0.02293956043956044,0.0,-0.022301691466936214,0.31462761759757996,0.8829027414321899,0.1985071897506714,0.27669814229011536,0.7875663042068481,0.5443715876644947,0.85130287013058,0.4797382067105892,0.5412243147141741,0.8108470070220747,0.49206039905548093,0.6454967972483826,0.153799740228457,0.6501898165355788,0.5953419087903882,0.05484790774519066,0.9926534603589554,1.0,0.0,1e-08,0,1e-12,0.0006378688957383756,True,final,4,,,20260318,
ei,CWYKE,5,True,True,False,False,False,ei,probability-space approximate expected improvement,ei,0.0005953215168756185,generation,0.02121212121212121,0.0,-0.020616799695245592,0.8974552154541016,0.8258702754974365,0.8560913801193237,0.7809567451477051,0.37199029326438904,0.8518390264526547,0.8125258797767295,0.8386237888521039,0.8069121952355642,0.5789869919759923,0.7464727818965912,0.777777576458609,0.1007584507736813,0.5297064512627367,0.5030553338678854,0.026651117394851376,0.9926534603589554,1.0,0.0,1e-08,0,1e-12,0.0005953855259892282,True,final,5,,,20260318,
mes,VLNINNMGAKWRRTCNQRLTPTALP,25,False,True,False,False,False,mes,calibrated ensemble-based approximate max-value entropy search,mes,0.6767993456045633,generation,0.09459183673469389,0.5,0.0822075088698695,0.9999750852584839,0.9998685121536255,0.9995213747024536,0.9993494153022766,0.9996212720870972,0.9980588724430286,0.9972617028471372,0.9921240351855306,0.9923629924162398,0.9960380485806055,0.9996671319007874,0.9951691302945083,0.002475136463932353,0.030580900053963644,0.02993035725473578,0.0006505427992278649,0.9926534603589554,1.0,0.0,1e-08,0,1e-12,0.6767775849089587,True,final,1,"[0.998144533470354, 0.9974224943883802, 0.9925086371816066, 0.9923629924162398, 0.996048841852181]",0,20260318,
mes,VLNINNMGAKWRRTCQRLTPAAP,23,False,True,False,False,False,mes,calibrated ensemble-based approximate max-value entropy search,mes,0.6659915778683332,generation,0.09270891150169598,0.5,0.07328266636663716,0.9999735355377197,0.9998705387115479,0.9995200634002686,0.9993183612823486,0.9995998740196228,0.9979955530133194,0.9972870569135143,0.992112392232773,0.9921599929129065,0.9959012445298285,0.9996564745903015,0.9950912479204683,0.002505134600812837,0.03099522097561464,0.03033835682909649,0.0006568641465181518,0.9926534603589554,1.0,0.0,1e-08,0,1e-12,0.6659915778683332,True,final,2,"[0.998144533470354, 0.9974224943883802, 0.9925086371816066, 0.9923629924162398, 0.996048841852181]",0,20260318,
mes,VLNINNMGADWRRTCNQRLTPAP,23,False,True,False,False,False,mes,calibrated ensemble-based approximate max-value entropy search,mes,0.6621145769084678,generation,0.09270891150169598,0.5,0.06940566540677173,0.9999768733978271,0.9998561143875122,0.9994943141937256,0.999312162399292,0.9996229410171509,0.9981342759788894,0.9971098917876662,0.9918866836096772,0.9921199631777512,0.996048841852181,0.9996524810791015,0.9950599312812329,0.002582432603178669,0.031161468982629243,0.030466873243830832,0.0006945957387984106,0.9926534603589554,1.0,0.0,1e-08,0,1e-12,0.6621342873394237,True,final,3,"[0.998144533470354, 0.9974224943883802, 0.9925086371816066, 0.9923629924162398, 0.996048841852181]",0,20260318,
mes,VLNINNMGAKWRRTCNQRLTPALP,24,False,True,False,False,False,mes,calibrated ensemble-based approximate max-value entropy search,mes,0.66109318458452,generation,0.09618758141554495,0.5,0.06490560316897509,0.9999771118164062,0.9998733997344971,0.9995378255844116,0.9992664456367493,0.9995664954185486,0.998144533470354,0.99732312462232,0.9922713791329274,0.9918295206131381,0.995693335118362,0.9996442556381225,0.9950523785914204,0.0025787324846871743,0.03120153340311761,0.030501385207772763,0.0007001481953448456,0.9926534603589554,1.0,0.0,1e-08,0,1e-12,0.6610856126892891,True,final,4,"[0.998144533470354, 0.9974224943883802, 0.9925086371816066, 0.9923629924162398, 0.996048841852181]",0,20260318,
mes,VLNINNMGAKWRRTCNQRLTPAP,23,False,True,False,False,False,mes,calibrated ensemble-based approximate max-value entropy search,mes,0.6562274875371177,generation,0.09613243909959915,0.5,0.06009504843751856,0.9999749660491943,0.9998571872711182,0.9994940757751465,0.9992948770523071,0.999616265296936,0.9980539372870633,0.9971228153142996,0.9918846189616942,0.9920091745475955,0.9960057779300968,0.9996474742889404,0.9950152648081498,0.00258820161059205,0.031398241222260835,0.030708915288842002,0.0006893259334188329,0.9926534603589554,1.0,0.0,1e-08,0,1e-12,0.656131994120791,True,final,5,"[0.998144533470354, 0.9974224943883802, 0.9925086371816066, 0.9923629924162398, 0.996048841852181]",0,20260318,
